Ego,Question,Alter1,Alter2,Alter3,Alter4,Alter5,Alter6,Alter7,Alter8,Alter9,Alter10,Alter11,Alter12,Alter13,Alter14,Alter15,Alter16,Alter17,Alter18,Alter19,Alter20
3147,1,,,,,,,,,,,,,,,,,,,,
3147,2,,,,,,,,,,,,,,,,,,,,
3147,3,3040,2026,2025,2013,3084,1108,8248,8249,,,,,,,,,,,,
3147,4,3040,2026,2013,2025,2655,3001,3050,2041,2999,,,,,,,,,,,
3147,5,3147,3040,2026,2013,2025,3001,2003,,,,,,,,,,,,,
3147,6,3040,2026,3084,1108,2002,2012,2024,,,,,,,,,,,,,
3147,7,2013,2025,3042,3047,3033,2003,2046,3049,,,,,,,,,,,,
3147,8,2002,2003,3134,3084,1108,2026,3040,2020,2028,3010,2526,,,,,,,,,
3147,9,,,,,,,,,,,,,,,,,,,,
3147,10,,,,,,,,,,,,,,,,,,,,
3147,Relations,8248,8249,2028,,,,,,,,,,,,,,,,,
3147,Villages visited,,,,,,,,,,,,,,,,,,,,
3135,1,8049,8011,8036,8023,8087,8071,,,,,,,,,,,,,,
3135,2,,,,,,,,,,,,,,,,,,,,
3135,3,3076,3134,3063,3133,2018,1115,1104,3123,2007,2022,1120,1116,2033,3075,3041,3077,,,,
3135,4,3076,2003,1115,3063,1104,1116,,,,,,,,,,,,,,
3135,5,3076,3134,1104,3063,2003,2033,1120,3142,,,,,,,,,,,,
3135,6,3135,3123,3114,3142,2031,,,,,,,,,,,,,,,
3135,7,3076,3063,1120,1104,1115,1116,2003,3123,,,,,,,,,,,,
3135,8,3123,3142,2030,1103,1113,2022,,,,,,,,,,,,,,
3135,9,8049,,,,,,,,,,,,,,,,,,,
3135,10,,,,,,,,,,,,,,,,,,,,
3135,Relations,,,,,,,,,,,,,,,,,,,,
3135,Villages visited,,,,,,,,,,,,,,,,,,,,
3134,1,8015,8014,8025,,,,,,,,,,,,,,,,,
3134,2,,,,,,,,,,,,,,,,,,,,
3134,3,3041,3077,3117,3123,3075,,,,,,,,,,,,,,,
3134,4,3135,3076,,,,,,,,,,,,,,,,,,
3134,5,3076,3041,3077,3117,,,,,,,,,,,,,,,,
3134,6,3075,,,,,,,,,,,,,,,,,,,
3134,7,2003,3123,3114,,,,,,,,,,,,,,,,,
3134,8,1103,2038,3065,3004,2002,2018,,,,,,,,,,,,,,
3134,9,8014,,,,,,,,,,,,,,,,,,,
3134,10,8107,,,,,,,,,,,,,,,,,,,
3134,Relations,,,,,,,,,,,,,,,,,,,,
3134,Villages visited,Manfoute,,,,,,,,,,,,,,,,,,,
3133,1,8049,,,,,,,,,,,,,,,,,,,
3133,2,,,,,,,,,,,,,,,,,,,,
3133,3,2002,2018,3076,3135,3083,2008,3075,3134,3084,1115,1104,1120,1116,3063,1103,2014,8108,,,
3133,4,3004,3089,8178,2024,8261,2050,3142,2031,8109,,,,,,,,,,,
3133,5,3133,3083,2008,2003,,,,,,,,,,,,,,,,
3133,6,2002,2018,3134,1103,,,,,,,,,,,,,,,,
3133,7,3135,3076,3083,2008,1115,1104,1116,,,,,,,,,,,,,
3133,8,2002,3084,1103,1115,3076,3135,3075,3077,8110,,,,,,,,,,,
3133,9,,,,,,,,,,,,,,,,,,,,
3133,10,8111,8112,8113,,,,,,,,,,,,,,,,,
3133,Relations,8110,8112,8133,8108,8109,,,,,,,,,,,,,,,
3133,Villages visited,Mombelo,,,,,,,,,,,,,,,,,,,
3123,1,8014,8072,8072,8072,,,,,,,,,,,,,,,,
3123,2,2007,3004,,,,,,,,,,,,,,,,,,
3123,3,2003,2002,3133,9084,3009,2008,3083,2007,3112,,,,,,,,,,,
3123,4,2007,3084,3133,2002,8108,,,,,,,,,,,,,,,
3123,5,3133,3083,2008,2557,,,,,,,,,,,,,,,,
3123,6,3084,2007,3004,,,,,,,,,,,,,,,,,
3123,7,2003,9084,2015,3090,,,,,,,,,,,,,,,,
3123,8,2002,1103,1108,,,,,,,,,,,,,,,,,
3123,9,,,,,,,,,,,,,,,,,,,,
3123,10,8179,,,,,,,,,,,,,,,,,,,
3123,Relations,8179,9084,,,,,,,,,,,,,,,,,,
3123,Villages visited,Minjoukou,,,,,,,,,,,,,,,,,,,
3122,1,8095,8286,,,,,,,,,,,,,,,,,,
3122,2,,,,,,,,,,,,,,,,,,,,
3122,3,8198,8199,8200,8201,8202,,,,,,,,,,,,,,,
3122,4,8198,8199,,,,,,,,,,,,,,,,,,
3122,5,3065,,,,,,,,,,,,,,,,,,,
3122,6,3122,,,,,,,,,,,,,,,,,,,
3122,7,1111,1137,,,,,,,,,,,,,,,,,,
3122,8,1103,,,,,,,,,,,,,,,,,,,
3122,9,,,,,,,,,,,,,,,,,,,,
3122,10,,,,,,,,,,,,,,,,,,,,
3122,Relations,8198,8199,8200,8201,8202,,,,,,,,,,,,,,,
3122,Villages visited,,,,,,,,,,,,,,,,,,,,
3116,1,8025,8014,,,,,,,,,,,,,,,,,,
3116,2,8025,8014,,,,,,,,,,,,,,,,,,
3116,3,3120,3118,3119,3115,3134,3135,,,,,,,,,,,,,,
3116,4,3135,3134,,,,,,,,,,,,,,,,,,
3116,5,3116,3114,,,,,,,,,,,,,,,,,,
3116,6,3134,3135,,,,,,,,,,,,,,,,,,
3116,7,3135,1104,1115,,,,,,,,,,,,,,,,,
3116,8,3134,3133,,,,,,,,,,,,,,,,,,
3116,9,8014,8025,8005,,,,,,,,,,,,,,,,,
3116,10,,,,,,,,,,,,,,,,,,,,
3116,Relations,,,,,,,,,,,,,,,,,,,,
3116,Villages visited,,,,,,,,,,,,,,,,,,,,
3109,1,8020,8003,8017,8066,8033,8067,8049,8036,,,,,,,,,,,,
3109,2,3091,,,,,,,,,,,,,,,,,,,
3109,3,3139,3111,3115,2014,3091,3112,8211,3092,,,,,,,,,,,,
3109,4,,,,,,,,,,,,,,,,,,,,
3109,5,,,,,,,,,,,,,,,,,,,,
3109,6,3139,,,,,,,,,,,,,,,,,,,
3109,7,2617,2015,,,,,,,,,,,,,,,,,,
3109,8,,,,,,,,,,,,,,,,,,,,
3109,9,8020,8068,8033,,,,,,,,,,,,,,,,,
3109,10,,,,,,,,,,,,,,,,,,,,
3109,Relations,,,,,,,,,,,,,,,,,,,,
3109,Villages visited,,,,,,,,,,,,,,,,,,,,
3092,1,2039,,,,,,,,,,,,,,,,,,,
3092,2,9100,,,,,,,,,,,,,,,,,,,
3092,3,9100,2039,3058,,,,,,,,,,,,,,,,,
3092,4,2039,9100,2015,3109,,,,,,,,,,,,,,,,
3092,5,3091,2015,,,,,,,,,,,,,,,,,,
3092,6,3089,3139,,,,,,,,,,,,,,,,,,
3092,7,3109,2015,2039,9100,,,,,,,,,,,,,,,,
3092,8,3109,3139,2014,3089,,,,,,,,,,,,,,,,
3092,9,8011,,,,,,,,,,,,,,,,,,,
3092,10,8210,,,,,,,,,,,,,,,,,,,
3092,Relations,8210,9100,,,,,,,,,,,,,,,,,,
3092,Villages visited,Thanry,,,,,,,,,,,,,,,,,,,
3090,1,8047,8094,,,,,,,,,,,,,,,,,,
3090,2,,,,,,,,,,,,,,,,,,,,
3090,3,9084,2002,2018,3065,1103,,,,,,,,,,,,,,,
3090,4,2005,,,,,,,,,,,,,,,,,,,
3090,5,2005,9084,,,,,,,,,,,,,,,,,,
3090,6,,,,,,,,,,,,,,,,,,,,
3090,7,9084,2015,2018,2002,,,,,,,,,,,,,,,,
3090,8,,,,,,,,,,,,,,,,,,,,
3090,9,8047,,,,,,,,,,,,,,,,,,,
3090,10,9084,8206,,,,,,,,,,,,,,,,,,
3090,Relations,8206,9084,,,,,,,,,,,,,,,,,,
3090,Villages visited,Mipoto,Minjoukou,,,,,,,,,,,,,,,,,,
3089,1,8014,,,,,,,,,,,,,,,,,,,
3089,2,,,,,,,,,,,,,,,,,,,,
3089,3,3085,2617,8169,8168,,,,,,,,,,,,,,,,
3089,4,2617,3121,,,,,,,,,,,,,,,,,,
3089,5,3089,8169,8168,,,,,,,,,,,,,,,,,
3089,6,,,,,,,,,,,,,,,,,,,,
3089,7,8119,2576,,,,,,,,,,,,,,,,,,
3089,8,1110,,,,,,,,,,,,,,,,,,,
3089,9,8014,,,,,,,,,,,,,,,,,,,
3089,10,8168,8082,,,,,,,,,,,,,,,,,,
3089,Relations,8169,8168,8082,,,,,,,,,,,,,,,,,
3089,Villages visited,Minjoukou,,,,,,,,,,,,,,,,,,,
2617,1,8014,8013,8067,8027,,,,,,,,,,,,,,,,
2617,2,,,,,,,,,,,,,,,,,,,,
2617,3,3085,3089,8168,8169,,,,,,,,,,,,,,,,
2617,4,,,,,,,,,,,,,,,,,,,,
2617,5,,,,,,,,,,,,,,,,,,,,
2617,6,1110,,,,,,,,,,,,,,,,,,,
2617,7,3121,3109,,,,,,,,,,,,,,,,,,
2617,8,1110,,,,,,,,,,,,,,,,,,,
2617,9,8014,8027,8067,8013,,,,,,,,,,,,,,,,
2617,10,,,,,,,,,,,,,,,,,,,,
2617,Relations,8168,8169,,,,,,,,,,,,,,,,,,
2617,Villages visited,,,,,,,,,,,,,,,,,,,,
3085,1,,,,,,,,,,,,,,,,,,,,
3085,2,,,,,,,,,,,,,,,,,,,,
3085,3,3087,2554,,,,,,,,,,,,,,,,,,
3085,4,,,,,,,,,,,,,,,,,,,,
3085,5,,,,,,,,,,,,,,,,,,,,
3085,6,3109,3014,3059,,,,,,,,,,,,,,,,,
3085,7,,,,,,,,,,,,,,,,,,,,
3085,8,,,,,,,,,,,,,,,,,,,,
3085,9,,,,,,,,,,,,,,,,,,,,
3085,10,,,,,,,,,,,,,,,,,,,,
3085,Relations,,,,,,,,,,,,,,,,,,,,
3085,Villages visited,,,,,,,,,,,,,,,,,,,,
3084,1,8068,8083,8084,8085,8039,8011,8086,8040,8029,,,,,,,,,,,
3084,2,1108,8264,2026,3040,3147,1108,3006,2012,,,,,,,,,,,,
3084,3,2025,2013,3041,2655,3001,2041,3050,2999,2587,,,,,,,,,,,
3084,4,3031,3033,1127,1132,1109,1112,,,,,,,,,,,,,,
3084,5,2008,2557,3004,3148,,,,,,,,,,,,,,,,
3084,6,1108,3040,8264,2026,3006,,,,,,,,,,,,,,,
3084,7,3123,2008,9084,8218,3009,3121,2031,2050,2051,8219,,,,,,,,,,
3084,8,2018,3040,1108,8264,2052,2055,3133,8271,8282,2014,3091,3134,8220,,,,,,,
3084,9,8068,8011,8035,8026,,,,,,,,,,,,,,,,
3084,10,8221,,,,,,,,,,,,,,,,,,,
3084,Relations,8219,8220,8264,8218,8282,,,,,,,,,,,,,,,
3084,Villages visited,Mimbele,,,,,,,,,,,,,,,,,,,
3083,1,8036,,,,,,,,,,,,,,,,,,,
3083,2,3004,2008,8108,,,,,,,,,,,,,,,,,
3083,3,3123,3004,2008,2018,2019,8178,2024,,,,,,,,,,,,,
3083,4,2025,3042,3041,2027,,,,,,,,,,,,,,,,
3083,5,3123,3084,2008,3133,2018,,,,,,,,,,,,,,,
3083,6,3147,3040,2026,8264,1108,,,,,,,,,,,,,,,
3083,7,2008,3009,2025,3042,3047,2053,3044,,,,,,,,,,,,,
3083,8,8205,1108,8264,3040,3147,2026,,,,,,,,,,,,,,
3083,9,,,,,,,,,,,,,,,,,,,,
3083,10,,,,,,,,,,,,,,,,,,,,
3083,Relations,8108,,,,,,,,,,,,,,,,,,,
3083,Villages visited,,,,,,,,,,,,,,,,,,,,
3082,1,8237,8238,8239,,,,,,,,,,,,,,,,,
3082,2,8230,,,,,,,,,,,,,,,,,,,
3082,3,8230,8241,8242,,,,,,,,,,,,,,,,,
3082,4,8230,8242,8241,8243,,,,,,,,,,,,,,,,
3082,5,3082,1132,1109,1112,,,,,,,,,,,,,,,,
3082,6,8243,8230,8241,8242,,,,,,,,,,,,,,,,
3082,7,1132,1112,1109,1107,,,,,,,,,,,,,,,,
3082,8,1103,3065,2048,8253,1108,2022,,,,,,,,,,,,,,
3082,9,,,,,,,,,,,,,,,,,,,,
3082,10,8281,,,,,,,,,,,,,,,,,,,
3082,Relations,8230,8242,,,,,,,,,,,,,,,,,,
3082,Villages visited,Enyele,,,,,,,,,,,,,,,,,,,
3078,1,,,,,,,,,,,,,,,,,,,,
3078,2,,,,,,,,,,,,,,,,,,,,
3078,3,3079,1103,1104,1111,3121,3134,1121,1102,,,,,,,,,,,,
3078,4,1104,,,,,,,,,,,,,,,,,,,
3078,5,,,,,,,,,,,,,,,,,,,,
3078,6,3079,,,,,,,,,,,,,,,,,,,
3078,7,1104,1111,1132,3121,3079,,,,,,,,,,,,,,,
3078,8,1101,2048,3065,2055,3075,,,,,,,,,,,,,,,
3078,9,8035,8003,8014,8013,,,,,,,,,,,,,,,,
3078,10,,,,,,,,,,,,,,,,,,,,
3078,Relations,,,,,,,,,,,,,,,,,,,,
3078,Villages visited,,,,,,,,,,,,,,,,,,,,
3076,1,8049,8011,8036,8023,,,,,,,,,,,,,,,,
3076,2,2002,2018,3133,,,,,,,,,,,,,,,,,
3076,3,2002,3133,2018,1113,1115,1104,3063,1120,1116,,,,,,,,,,,
3076,4,3063,1120,1104,1116,,,,,,,,,,,,,,,,
3076,5,3063,1115,1104,1120,3135,,,,,,,,,,,,,,,
3076,6,2521,2020,2038,2039,1113,3004,2022,,,,,,,,,,,,,
3076,7,3041,3077,2033,2046,,,,,,,,,,,,,,,,
3076,8,1103,1007,1006,1032,,,,,,,,,,,,,,,,
3076,9,8049,,,,,,,,,,,,,,,,,,,
3076,10,8166,,,,,,,,,,,,,,,,,,,
3076,Relations,8166,,,,,,,,,,,,,,,,,,,
3076,Villages visited,Mombelo,,,,,,,,,,,,,,,,,,,
3075,1,8038,8049,8014,8073,,,,,,,,,,,,,,,,
3075,2,3134,,,,,,,,,,,,,,,,,,,
3075,3,3134,2020,,,,,,,,,,,,,,,,,,
3075,4,2021,2039,1115,1120,1116,3063,1104,,,,,,,,,,,,,
3075,5,3077,3041,3063,3115,1116,2039,2021,,,,,,,,,,,,,
3075,6,2521,3076,3134,3077,3041,3117,,,,,,,,,,,,,,
3075,7,2021,2020,2522,3049,2041,,,,,,,,,,,,,,,
3075,8,3134,3133,3004,2007,1124,2055,,,,,,,,,,,,,,
3075,9,8038,8074,8058,8073,8049,,,,,,,,,,,,,,,
3075,10,8203,8204,,,,,,,,,,,,,,,,,,
3075,Relations,8203,8204,,,,,,,,,,,,,,,,,,
3075,Villages visited,Manfoute,,,,,,,,,,,,,,,,,,,
3070,1,,,,,,,,,,,,,,,,,,,,
3070,2,,,,,,,,,,,,,,,,,,,,
3070,3,8273,8274,3049,8151,8275,,,,,,,,,,,,,,,
3070,4,3049,2655,3001,,,,,,,,,,,,,,,,,
3070,5,3074,,,,,,,,,,,,,,,,,,,
3070,6,8118,3010,,,,,,,,,,,,,,,,,,
3070,7,8151,,,,,,,,,,,,,,,,,,,
3070,8,8118,3010,8271,,,,,,,,,,,,,,,,,
3070,9,8287,8043,8039,,,,,,,,,,,,,,,,,
3070,10,,,,,,,,,,,,,,,,,,,,
3070,Relations,8151,8275,8118,8273,8271,,,,,,,,,,,,,,,
3070,Villages visited,,,,,,,,,,,,,,,,,,,,
3068,1,8015,8049,8006,,,,,,,,,,,,,,,,,
3068,2,2023,,,,,,,,,,,,,,,,,,,
3068,3,2023,1102,1111,,,,,,,,,,,,,,,,,
3068,4,2023,1102,1104,,,,,,,,,,,,,,,,,
3068,5,3020,1112,1107,2001,3013,3015,,,,,,,,,,,,,,
3068,6,,,,,,,,,,,,,,,,,,,,
3068,7,2023,3013,3015,8146,3028,3024,3027,3020,,,,,,,,,,,,
3068,8,,,,,,,,,,,,,,,,,,,,
3068,9,8001,8007,8009,8008,,,,,,,,,,,,,,,,
3068,10,,,,,,,,,,,,,,,,,,,,
3068,Relations,8146,,,,,,,,,,,,,,,,,,,
3068,Villages visited,,,,,,,,,,,,,,,,,,,,
3065,1,,,,,,,,,,,,,,,,,,,,
3065,2,,,,,,,,,,,,,,,,,,,,
3065,3,1103,2038,2002,1112,1109,1113,,,,,,,,,,,,,,
3065,4,1112,1106,1113,1103,2038,2002,,,,,,,,,,,,,,
3065,5,3065,1106,1109,1112,8198,8199,8259,3145,,,,,,,,,,,,
3065,6,3122,1103,2022,8253,8114,1113,,,,,,,,,,,,,,
3065,7,8259,8172,3145,8199,,,,,,,,,,,,,,,,
3065,8,1103,2002,2018,,,,,,,,,,,,,,,,,
3065,9,,,,,,,,,,,,,,,,,,,,
3065,10,,,,,,,,,,,,,,,,,,,,
3065,Relations,8198,8199,8259,8253,8114,,,,,,,,,,,,,,,
3065,Villages visited,,,,,,,,,,,,,,,,,,,,
3063,1,8028,8080,8049,8011,8019,8039,8014,8015,8046,8005,8046,8047,8036,8284,8058,8027,,,,
3063,2,1104,3076,3135,1120,1116,1121,3041,3083,2008,1109,2033,2046,,,,,,,,
3063,3,1120,1104,1115,3076,1116,3135,3114,3115,3078,1111,1109,1112,1114,1106,1107,,,,,
3063,4,1115,1104,2003,2033,2046,2008,3083,,,,,,,,,,,,,
3063,5,1115,1120,1116,1104,1102,1121,1006,1032,,,,,,,,,,,,
3063,6,,,,,,,,,,,,,,,,,,,,
3063,7,3135,3076,1120,1109,1112,1107,1106,1111,1115,,,,,,,,,,,
3063,8,,,,,,,,,,,,,,,,,,,,
3063,9,8049,8036,8003,8046,8015,8039,,,,,,,,,,,,,,
3063,10,8150,8105,,,,,,,,,,,,,,,,,,
3063,Relations,8150,8105,,,,,,,,,,,,,,,,,,
3063,Villages visited,Manfoute,Mombelo,,,,,,,,,,,,,,,,,,
3059,1,,,,,,,,,,,,,,,,,,,,
3059,2,,,,,,,,,,,,,,,,,,,,
3059,3,3003,1110,3014,,,,,,,,,,,,,,,,,
3059,4,3003,1110,3014,,,,,,,,,,,,,,,,,
3059,5,3003,1110,3014,,,,,,,,,,,,,,,,,
3059,6,,,,,,,,,,,,,,,,,,,,
3059,7,3003,1110,3014,,,,,,,,,,,,,,,,,
3059,8,,,,,,,,,,,,,,,,,,,,
3059,9,,,,,,,,,,,,,,,,,,,,
3059,10,,,,,,,,,,,,,,,,,,,,
3059,Relations,,,,,,,,,,,,,,,,,,,,
3059,Villages visited,,,,,,,,,,,,,,,,,,,,
3050,1,8038,8039,8025,8060,8049,,,,,,,,,,,,,,,
3050,2,3010,2020,2028,,,,,,,,,,,,,,,,,
3050,3,3001,2655,3070,2021,2023,2025,2041,2999,,,,,,,,,,,,
3050,4,3001,2655,3070,2021,2023,2025,2041,2999,,,,,,,,,,,,
3050,5,2020,2028,3010,8151,,,,,,,,,,,,,,,,
3050,6,8280,2587,3052,2518,2603,,,,,,,,,,,,,,,
3050,7,3001,2023,2025,2013,2044,2021,3049,2655,,,,,,,,,,,,
3050,8,1122,2020,3075,,,,,,,,,,,,,,,,,
3050,9,,,,,,,,,,,,,,,,,,,,
3050,10,,,,,,,,,,,,,,,,,,,,
3050,Relations,8151,8280,2028,,,,,,,,,,,,,,,,,
3050,Villages visited,,,,,,,,,,,,,,,,,,,,
3049,1,8035,8039,,,,,,,,,,,,,,,,,,
3049,2,2020,3010,,,,,,,,,,,,,,,,,,
3049,3,3031,2655,3001,3070,2521,2041,2999,,,,,,,,,,,,,
3049,4,3031,2655,3001,3070,8151,2021,,,,,,,,,,,,,,
3049,5,3050,2041,2020,2028,,,,,,,,,,,,,,,,
3049,6,3010,1122,2020,,,,,,,,,,,,,,,,,
3049,7,3070,3042,3047,2025,2013,,,,,,,,,,,,,,,
3049,8,2020,3010,,,,,,,,,,,,,,,,,,
3049,9,8039,8035,8049,8025,,,,,,,,,,,,,,,,
3049,10,8104,8106,8105,,,,,,,,,,,,,,,,,
3049,Relations,8104,8106,8105,8151,2028,,,,,,,,,,,,,,,
3049,Villages visited,Mombelo,,,,,,,,,,,,,,,,,,,
3047,1,8027,,,,,,,,,,,,,,,,,,,
3047,2,,,,,,,,,,,,,,,,,,,,
3047,3,8062,8064,3042,2013,2025,8048,,,,,,,,,,,,,,
3047,4,2027,2033,,,,,,,,,,,,,,,,,,
3047,5,3046,3147,3040,2026,2052,,,,,,,,,,,,,,,
3047,6,3047,2053,3044,,,,,,,,,,,,,,,,,
3047,7,3042,2025,2013,2655,3001,2023,3002,,,,,,,,,,,,,
3047,8,1101,2000,8170,8171,8172,8173,,,,,,,,,,,,,,
3047,9,8027,8062,,,,,,,,,,,,,,,,,,
3047,10,,,,,,,,,,,,,,,,,,,,
3047,Relations,8172,8170,8171,8173,,,,,,,,,,,,,,,,
3047,Villages visited,,,,,,,,,,,,,,,,,,,,
3046,1,8283,2693,3002,3047,3023,3020,3068,,,,,,,,,,,,,
3046,2,3002,2693,3047,3068,3027,,,,,,,,,,,,,,,
3046,3,3002,2693,3068,3047,3023,,,,,,,,,,,,,,,
3046,4,3047,3023,3002,3068,2693,,,,,,,,,,,,,,,
3046,5,3044,3047,2053,2052,,,,,,,,,,,,,,,,
3046,6,2052,8174,,,,,,,,,,,,,,,,,,
3046,7,,,,,,,,,,,,,,,,,,,,
3046,8,,,,,,,,,,,,,,,,,,,,
3046,9,8015,8028,,,,,,,,,,,,,,,,,,
3046,10,,,,,,,,,,,,,,,,,,,,
3046,Relations,,,,,,,,,,,,,,,,,,,,
3046,Villages visited,,,,,,,,,,,,,,,,,,,,
3044,1,8063,8027,8062,8069,,,,,,,,,,,,,,,,
3044,2,2025,2013,3040,2026,2053,,,,,,,,,,,,,,,
3044,3,3047,2025,2053,2013,3040,3147,3042,2587,,,,,,,,,,,,
3044,4,3047,2053,2025,2013,2587,,,,,,,,,,,,,,,
3044,5,8174,3047,2053,2013,,,,,,,,,,,,,,,,
3044,6,,,,,,,,,,,,,,,,,,,,
3044,7,2587,2013,3030,8062,8070,,,,,,,,,,,,,,,
3044,8,,,,,,,,,,,,,,,,,,,,
3044,9,8070,8062,8064,,,,,,,,,,,,,,,,,
3044,10,8175,8176,,,,,,,,,,,,,,,,,,
3044,Relations,8175,8176,,,,,,,,,,,,,,,,,,
3044,Villages visited,Mombelo,Mbounginda,,,,,,,,,,,,,,,,,,
3042,1,,,,,,,,,,,,,,,,,,,,
3042,2,,,,,,,,,,,,,,,,,,,,
3042,3,3074,3031,3049,3033,3047,3044,2053,2025,2024,2524,2530,,,,,,,,,
3042,4,3047,2013,3005,3006,2020,,,,,,,,,,,,,,,
3042,5,3040,2025,2013,3047,,,,,,,,,,,,,,,,
3042,6,3042,2026,3041,,,,,,,,,,,,,,,,,
3042,7,8027,8036,8049,,,,,,,,,,,,,,,,,
3042,8,8059,,,,,,,,,,,,,,,,,,,
3042,9,8027,8036,8049,,,,,,,,,,,,,,,,,
3042,10,,,,,,,,,,,,,,,,,,,,
3042,Relations,,,,,,,,,,,,,,,,,,,,
3042,Villages visited,,,,,,,,,,,,,,,,,,,,
3040,1,8058,,,,,,,,,,,,,,,,,,,
3040,2,2020,3147,2026,8059,,,,,,,,,,,,,,,,
3040,3,3042,3049,3031,2013,3001,3010,2028,1122,2999,3050,2020,,,,,,,,,
3040,4,3010,1122,2028,3147,2026,2012,2024,8264,,,,,,,,,,,,
3040,5,3040,3077,3117,,,,,,,,,,,,,,,,,
3040,6,2026,3147,3010,1122,2020,3075,,,,,,,,,,,,,,
3040,7,2013,2025,3047,3044,2053,,,,,,,,,,,,,,,
3040,8,3147,3010,1122,8059,2026,2020,,,,,,,,,,,,,,
3040,9,,,,,,,,,,,,,,,,,,,,
3040,10,8190,8191,8058,8192,8193,8194,,,,,,,,,,,,,,
3040,Relations,8191,8193,8194,2028,,,,,,,,,,,,,,,,
3040,Villages visited,Ifondo,Makao,Mombelo,Mbounginda,,,,,,,,,,,,,,,,
3033,1,8035,8026,,,,,,,,,,,,,,,,,,
3033,2,,,,,,,,,,,,,,,,,,,,
3033,3,,,,,,,,,,,,,,,,,,,,
3033,4,3030,2023,2656,3037,,,,,,,,,,,,,,,,
3033,5,3030,2023,3037,3036,,,,,,,,,,,,,,,,
3033,6,2023,1113,2048,3065,,,,,,,,,,,,,,,,
3033,7,3031,3049,3074,,,,,,,,,,,,,,,,,
3033,8,2048,3065,1113,,,,,,,,,,,,,,,,,
3033,9,,,,,,,,,,,,,,,,,,,,
3033,10,,,,,,,,,,,,,,,,,,,,
3033,Relations,,,,,,,,,,,,,,,,,,,,
3033,Villages visited,,,,,,,,,,,,,,,,,,,,
3032,1,8026,8025,8038,,,,,,,,,,,,,,,,,
3032,2,3001,2655,3050,2041,2587,2596,2021,,,,,,,,,,,,,
3032,3,3031,2655,3001,2596,2693,3050,2021,2521,2025,2013,3044,,,,,,,,,
3032,4,2655,3001,2693,2596,2587,2053,,,,,,,,,,,,,,
3032,5,3001,2655,2596,2041,2013,2656,2023,3030,3042,,,,,,,,,,,
3032,6,,,,,,,,,,,,,,,,,,,,
3032,7,2596,3001,2655,2587,2656,8187,2013,8268,8104,,,,,,,,,,,
3032,8,,,,,,,,,,,,,,,,,,,,
3032,9,,,,,,,,,,,,,,,,,,,,
3032,10,8188,,,,,,,,,,,,,,,,,,,
3032,Relations,8187,8104,8268,8188,2693,,,,,,,,,,,,,,,
3032,Villages visited,Mimbele,,,,,,,,,,,,,,,,,,,
3031,1,2655,3001,,,,,,,,,,,,,,,,,,
3031,2,3032,2596,2581,,,,,,,,,,,,,,,,,
3031,3,2655,3001,3050,2041,2999,3049,2020,3010,2028,,,,,,,,,,,
3031,4,3049,2041,3050,2999,,,,,,,,,,,,,,,,
3031,5,3001,2655,,,,,,,,,,,,,,,,,,
3031,6,,,,,,,,,,,,,,,,,,,,
3031,7,2020,3010,2028,,,,,,,,,,,,,,,,,
3031,8,,,,,,,,,,,,,,,,,,,,
3031,9,8039,8035,,,,,,,,,,,,,,,,,,
3031,10,,,,,,,,,,,,,,,,,,,,
3031,Relations,2028,,,,,,,,,,,,,,,,,,,
3031,Villages visited,,,,,,,,,,,,,,,,,,,,
3030,1,,,,,,,,,,,,,,,,,,,,
3030,2,,,,,,,,,,,,,,,,,,,,
3030,3,2527,2528,3042,3047,3044,3048,3046,,,,,,,,,,,,,
3030,4,3042,2023,2022,3047,3035,2025,,,,,,,,,,,,,,
3030,5,2528,2527,3035,3037,2023,2022,,,,,,,,,,,,,,
3030,6,2023,,,,,,,,,,,,,,,,,,,
3030,7,,,,,,,,,,,,,,,,,,,,
3030,8,2048,3065,,,,,,,,,,,,,,,,,,
3030,9,8035,8031,,,,,,,,,,,,,,,,,,
3030,10,,,,,,,,,,,,,,,,,,,,
3030,Relations,,,,,,,,,,,,,,,,,,,,
3030,Villages visited,,,,,,,,,,,,,,,,,,,,
3027,1,8032,8046,8025,,,,,,,,,,,,,,,,,
3027,2,,,,,,,,,,,,,,,,,,,,
3027,3,3020,3068,3002,2010,2039,2612,,,,,,,,,,,,,,
3027,4,3058,2039,,,,,,,,,,,,,,,,,,
3027,5,3020,3068,8137,,,,,,,,,,,,,,,,,
3027,6,3023,3068,3020,,,,,,,,,,,,,,,,,
3027,7,3002,2010,,,,,,,,,,,,,,,,,,
3027,8,1123,,,,,,,,,,,,,,,,,,,
3027,9,8046,,,,,,,,,,,,,,,,,,,
3027,10,8147,,,,,,,,,,,,,,,,,,,
3027,Relations,8147,8137,,,,,,,,,,,,,,,,,,
3027,Villages visited,Thanry,,,,,,,,,,,,,,,,,,,
3023,1,8001,8002,,,,,,,,,,,,,,,,,,
3023,2,8136,3020,3068,8137,8138,8139,3022,,,,,,,,,,,,,
3023,3,3068,3020,2010,3002,2023,,,,,,,,,,,,,,,
3023,4,2023,2010,3002,3020,8137,8138,,,,,,,,,,,,,,
3023,5,3027,3020,3068,8138,8137,,,,,,,,,,,,,,,
3023,6,1123,3023,,,,,,,,,,,,,,,,,,
3023,7,3002,2010,8136,,,,,,,,,,,,,,,,,
3023,8,2039,3058,3003,3059,,,,,,,,,,,,,,,,
3023,9,8001,8003,8035,8004,,,,,,,,,,,,,,,,
3023,10,8140,8141,,,,,,,,,,,,,,,,,,
3023,Relations,8136,8137,8138,8140,8141,,,,,,,,,,,,,,,
3023,Villages visited,Minjoukou,Mimbele,,,,,,,,,,,,,,,,,,
3020,1,8003,8001,8046,8035,,,,,,,,,,,,,,,,
3020,2,,,,,,,,,,,,,,,,,,,,
3020,3,3068,2023,3027,3023,2010,,,,,,,,,,,,,,,
3020,4,2023,2006,,,,,,,,,,,,,,,,,,
3020,5,3068,2010,2023,3026,,,,,,,,,,,,,,,,
3020,6,3023,,,,,,,,,,,,,,,,,,,
3020,7,2010,2023,3014,,,,,,,,,,,,,,,,,
3020,8,,,,,,,,,,,,,,,,,,,,
3020,9,8003,8057,8035,8001,,,,,,,,,,,,,,,,
3020,10,8154,,,,,,,,,,,,,,,,,,,
3020,Relations,8154,,,,,,,,,,,,,,,,,,,
3020,Villages visited,Thanry,,,,,,,,,,,,,,,,,,,
3014,1,8019,,,,,,,,,,,,,,,,,,,
3014,2,,,,,,,,,,,,,,,,,,,,
3014,3,2001,3003,2000,1110,3013,3015,3103,2503,2504,2506,,,,,,,,,,
3014,4,1110,3003,,,,,,,,,,,,,,,,,,
3014,5,3003,1110,2001,3013,3015,,,,,,,,,,,,,,,
3014,6,1110,,,,,,,,,,,,,,,,,,,
3014,7,3058,3059,,,,,,,,,,,,,,,,,,
3014,8,2039,2038,,,,,,,,,,,,,,,,,,
3014,9,,,,,,,,,,,,,,,,,,,,
3014,10,,,,,,,,,,,,,,,,,,,,
3014,Relations,,,,,,,,,,,,,,,,,,,,
3014,Villages visited,,,,,,,,,,,,,,,,,,,,
3013,1,8019,,,,,,,,,,,,,,,,,,,
3013,2,,,,,,,,,,,,,,,,,,,,
3013,3,2005,2004,3090,2568,3014,,,,,,,,,,,,,,,
3013,4,2005,1107,1121,1112,1106,3122,3014,,,,,,,,,,,,,
3013,5,2568,1121,1028,1023,3117,3015,,,,,,,,,,,,,,
3013,6,3148,3141,2537,1110,3003,2000,,,,,,,,,,,,,,
3013,7,1121,1106,2005,3085,,,,,,,,,,,,,,,,
3013,8,2028,3148,,,,,,,,,,,,,,,,,,
3013,9,,,,,,,,,,,,,,,,,,,,
3013,10,,,,,,,,,,,,,,,,,,,,
3013,Relations,,,,,,,,,,,,,,,,,,,,
3013,Villages visited,,,,,,,,,,,,,,,,,,,,
3011,1,8010,,,,,,,,,,,,,,,,,,,
3011,2,,,,,,,,,,,,,,,,,,,,
3011,3,2012,,,,,,,,,,,,,,,,,,,
3011,4,2013,2044,,,,,,,,,,,,,,,,,,
3011,5,,,,,,,,,,,,,,,,,,,,
3011,6,,,,,,,,,,,,,,,,,,,,
3011,7,2044,2006,2027,,,,,,,,,,,,,,,,,
3011,8,,,,,,,,,,,,,,,,,,,,
3011,9,,,,,,,,,,,,,,,,,,,,
3011,10,,,,,,,,,,,,,,,,,,,,
3011,Relations,,,,,,,,,,,,,,,,,,,,
3011,Villages visited,,,,,,,,,,,,,,,,,,,,
3010,1,3040,2026,3147,2020,,,,,,,,,,,,,,,,
3010,2,2024,1122,2028,,,,,,,,,,,,,,,,,
3010,3,3049,8246,3050,2041,2999,2020,,,,,,,,,,,,,,
3010,4,2028,2587,2999,,,,,,,,,,,,,,,,,
3010,5,,,,,,,,,,,,,,,,,,,,
3010,6,3049,2999,2041,3050,8246,8247,,,,,,,,,,,,,,
3010,7,3049,3031,2655,,,,,,,,,,,,,,,,,
3010,8,3049,3050,2020,2028,2587,,,,,,,,,,,,,,,
3010,9,,,,,,,,,,,,,,,,,,,,
3010,10,8285,,,,,,,,,,,,,,,,,,,
3010,Relations,2028,,,,,,,,,,,,,,,,,,,
3010,Villages visited,Ouesso,Swanke,Sembe,CAM-CONGO,,,,,,,,,,,,,,,,
3009,1,,,,,,,,,,,,,,,,,,,,
3009,2,,,,,,,,,,,,,,,,,,,,
3009,3,3004,3123,2008,3083,9084,3105,8142,8143,8144,8145,,,,,,,,,,
3009,4,2008,9084,2005,3123,,,,,,,,,,,,,,,,
3009,5,3004,9084,2008,,,,,,,,,,,,,,,,,
3009,6,2022,,,,,,,,,,,,,,,,,,,
3009,7,2046,2005,,,,,,,,,,,,,,,,,,
3009,8,8036,2022,,,,,,,,,,,,,,,,,,
3009,9,8038,,,,,,,,,,,,,,,,,,,
3009,10,8038,,,,,,,,,,,,,,,,,,,
3009,Relations,8142,8144,8143,8145,9084,,,,,,,,,,,,,,,
3009,Villages visited,Ifondo,,,,,,,,,,,,,,,,,,,
3007,1,8014,8049,,,,,,,,,,,,,,,,,,
3007,2,3006,2013,2044,2006,1132,,,,,,,,,,,,,,,
3007,3,2013,2044,2006,2531,2567,3006,2532,2502,,,,,,,,,,,,
3007,4,2044,2006,2013,3005,,,,,,,,,,,,,,,,
3007,5,3006,2044,2013,2006,,,,,,,,,,,,,,,,
3007,6,3007,3005,2006,2044,3040,3084,1108,,,,,,,,,,,,,
3007,7,2013,2044,3005,2006,3002,2010,,,,,,,,,,,,,,
3007,8,3084,1108,2012,2006,2044,,,,,,,,,,,,,,,
3007,9,8014,8049,,,,,,,,,,,,,,,,,,
3007,10,8134,,,,,,,,,,,,,,,,,,,
3007,Relations,,,,,,,,,,,,,,,,,,,,
3007,Villages visited,Monjanda,,,,,,,,,,,,,,,,,,,
3006,1,8093,8068,8011,8032,8284,,,,,,,,,,,,,,,
3006,2,2052,3040,2026,1108,,,,,,,,,,,,,,,,
3006,3,2012,3001,2044,2006,2587,2013,3005,,,,,,,,,,,,,
3006,4,1108,3040,2026,2024,2013,3005,2006,2044,,,,,,,,,,,,
3006,5,2006,2013,2044,2587,,,,,,,,,,,,,,,,
3006,6,3007,3005,1108,3084,2052,,,,,,,,,,,,,,,
3006,7,2006,2044,2587,2053,3044,3005,2013,3068,1102,3002,2010,,,,,,,,,
3006,8,3040,2026,1108,3147,2024,8212,1101,2012,3084,1124,2000,3003,3010,,,,,,,
3006,9,8036,8284,8011,8032,8011,8014,8061,,,,,,,,,,,,,
3006,10,8213,8214,8215,8216,,,,,,,,,,,,,,,,
3006,Relations,8213,8214,8215,8216,,,,,,,,,,,,,,,,
3006,Villages visited,Thanry,Minjoukou,Mombelo,Manfoute,,,,,,,,,,,,,,,,
3005,1,8032,8036,8061,,,,,,,,,,,,,,,,,
3005,2,1124,3006,2012,,,,,,,,,,,,,,,,,
3005,3,2013,2006,2044,3011,3007,3006,2531,2563,1044,,,,,,,,,,,
3005,4,2006,2044,2013,,,,,,,,,,,,,,,,,
3005,5,3006,3007,2013,2012,,,,,,,,,,,,,,,,
3005,6,,,,,,,,,,,,,,,,,,,,
3005,7,2013,2006,2044,3007,3006,3002,2010,,,,,,,,,,,,,
3005,8,,,,,,,,,,,,,,,,,,,,
3005,9,8033,8048,,,,,,,,,,,,,,,,,,
3005,10,3007,8133,8134,,,,,,,,,,,,,,,,,
3005,Relations,,,,,,,,,,,,,,,,,,,,
3005,Villages visited,Minjoukou,Mimbele,Monjanda,,,,,,,,,,,,,,,,,
3004,1,8036,,,,,,,,,,,,,,,,,,,
3004,2,3009,2008,,,,,,,,,,,,,,,,,,
3004,3,3123,3083,2008,9084,,,,,,,,,,,,,,,,
3004,4,3123,3083,2008,9084,,,,,,,,,,,,,,,,
3004,5,2046,2008,,,,,,,,,,,,,,,,,,
3004,6,2022,,,,,,,,,,,,,,,,,,,
3004,7,2046,2015,3090,,,,,,,,,,,,,,,,,
3004,8,2022,3134,,,,,,,,,,,,,,,,,,
3004,9,8036,8038,,,,,,,,,,,,,,,,,,
3004,10,8038,,,,,,,,,,,,,,,,,,,
3004,Relations,9084,,,,,,,,,,,,,,,,,,,
3004,Villages visited,Ifondo,,,,,,,,,,,,,,,,,,,
3003,1,8050,8005,8051,8053,8052,,,,,,,,,,,,,,,
3003,2,,,,,,,,,,,,,,,,,,,,
3003,3,2039,2009,3014,3058,3059,,,,,,,,,,,,,,,
3003,4,3014,2039,2009,3058,3059,,,,,,,,,,,,,,,
3003,5,3103,2503,2504,2506,,,,,,,,,,,,,,,,
3003,6,2000,2001,2568,2004,,,,,,,,,,,,,,,,
3003,7,2039,2009,3031,2021,,,,,,,,,,,,,,,,
3003,8,2038,1110,1124,2055,3089,2004,2568,2024,,,,,,,,,,,,
3003,9,8005,8050,8053,8051,8052,,,,,,,,,,,,,,,
3003,10,,,,,,,,,,,,,,,,,,,,
3003,Relations,,,,,,,,,,,,,,,,,,,,
3003,Villages visited,,,,,,,,,,,,,,,,,,,,
3002,1,8224,8149,8223,2010,3011,3005,2044,,,,,,,,,,,,,
3002,2,2010,2693,2000,1101,8267,8268,,,,,,,,,,,,,,
3002,3,3027,3023,3020,3068,2000,1101,2010,2693,8266,2596,8122,,,,,,,,,
3002,4,3027,2010,2693,2000,1101,3020,3068,3023,,,,,,,,,,,,
3002,5,1102,,,,,,,,,,,,,,,,,,,
3002,6,1123,2000,3003,1110,2651,2052,3006,2012,,,,,,,,,,,,
3002,7,3001,2655,3023,3020,3068,3047,3042,2025,2013,3005,3011,2044,2006,,,,,,,
3002,8,2012,2052,3046,1123,8224,3027,,,,,,,,,,,,,,
3002,9,8041,8042,8043,8044,8010,8045,8035,8039,,,,,,,,,,,,
3002,10,8010,8134,8272,,,,,,,,,,,,,,,,,
3002,Relations,8268,2693,8266,8122,2651,8224,8134,8267,8272,,,,,,,,,,,
3002,Villages visited,Mombelo,Monjanda,,,,,,,,,,,,,,,,,,
3001,1,8025,8038,8035,8011,8046,8026,,,,,,,,,,,,,,
3001,2,,,,,,,,,,,,,,,,,,,,
3001,3,2655,3031,3049,2020,3010,3033,2028,3050,2041,2587,2596,3032,3074,3070,,,,,,
3001,4,3050,2041,2021,2655,3032,2596,2587,,,,,,,,,,,,,
3001,5,2020,3010,2028,,,,,,,,,,,,,,,,,
3001,6,3001,2655,2596,3032,,,,,,,,,,,,,,,,
3001,7,2021,3050,2041,2587,3070,3031,3049,,,,,,,,,,,,,
3001,8,2524,2577,2508,3010,2028,3040,2026,,,,,,,,,,,,,
3001,9,8025,2510,8011,8046,8038,8026,,,,,,,,,,,,,,
3001,10,8118,,,,,,,,,,,,,,,,,,,
3001,Relations,8118,2028,,,,,,,,,,,,,,,,,,
3001,Villages visited,Ifondo,,,,,,,,,,,,,,,,,,,
2655,1,8025,8026,8014,,,,,,,,,,,,,,,,,
2655,2,3010,2028,2020,8264,,,,,,,,,,,,,,,,
2655,3,3031,3001,3032,2596,8122,3050,2587,3052,3049,3053,,,,,,,,,,
2655,4,3001,3032,2596,3031,,,,,,,,,,,,,,,,
2655,5,3001,3032,2596,3050,2587,3052,,,,,,,,,,,,,,
2655,6,3040,2026,3147,3010,2020,2028,,,,,,,,,,,,,,
2655,7,3050,2044,2006,3005,3007,2013,2025,2027,2023,3030,,,,,,,,,,
2655,8,3050,3070,3049,2021,2041,,,,,,,,,,,,,,,
2655,9,,,,,,,,,,,,,,,,,,,,
2655,10,,,,,,,,,,,,,,,,,,,,
2655,Relations,8122,2028,,,,,,,,,,,,,,,,,,
2655,Villages visited,,,,,,,,,,,,,,,,,,,,
2612,1,8095,,,,,,,,,,,,,,,,,,,
2612,2,1124,2055,2651,,,,,,,,,,,,,,,,,
2612,3,2009,8223,3058,3059,2039,3014,2001,3003,1110,,,,,,,,,,,
2612,4,2039,2021,3014,3058,3059,,,,,,,,,,,,,,,
2612,5,3141,,,,,,,,,,,,,,,,,,,
2612,6,2617,,,,,,,,,,,,,,,,,,,
2612,7,3058,3059,2039,,,,,,,,,,,,,,,,,
2612,8,1103,3065,3027,2000,1101,,,,,,,,,,,,,,,
2612,9,8046,,,,,,,,,,,,,,,,,,,
2612,10,8244,8245,,,,,,,,,,,,,,,,,,
2612,Relations,8245,,,,,,,,,,,,,,,,,,,
2612,Villages visited,Thanry,,,,,,,,,,,,,,,,,,,
2587,1,8026,,,,,,,,,,,,,,,,,,,
2587,2,2041,2999,2028,3010,2020,,,,,,,,,,,,,,,
2587,3,2041,3049,2999,3010,2028,2020,,,,,,,,,,,,,,
2587,4,3052,2518,2603,3054,2569,2519,3049,,,,,,,,,,,,,
2587,5,2020,3010,2028,8129,,,,,,,,,,,,,,,,
2587,6,,,,,,,,,,,,,,,,,,,,
2587,7,2596,3030,3044,2053,8130,2522,2521,,,,,,,,,,,,,
2587,8,,,,,,,,,,,,,,,,,,,,
2587,9,8035,,,,,,,,,,,,,,,,,,,
2587,10,8131,8132,,,,,,,,,,,,,,,,,,
2587,Relations,8131,8132,2028,8130,,,,,,,,,,,,,,,,
2587,Villages visited,Ifondo,Manfoute,,,,,,,,,,,,,,,,,,
2568,1,8019,,,,,,,,,,,,,,,,,,,
2568,2,2005,,,,,,,,,,,,,,,,,,,
2568,3,2005,3090,2004,2014,3139,3089,,,,,,,,,,,,,,
2568,4,3089,3139,2014,,,,,,,,,,,,,,,,,
2568,5,1023,1028,1121,3015,,,,,,,,,,,,,,,,
2568,6,3141,3148,2537,8177,,,,,,,,,,,,,,,,
2568,7,1028,1023,1121,3015,,,,,,,,,,,,,,,,
2568,8,2537,8177,3141,3148,,,,,,,,,,,,,,,,
2568,9,,,,,,,,,,,,,,,,,,,,
2568,10,8196,8197,,,,,,,,,,,,,,,,,,
2568,Relations,8196,8197,8177,,,,,,,,,,,,,,,,,
2568,Villages visited,Mombelo,,,,,,,,,,,,,,,,,,,
2521,1,8014,8073,8031,,,,,,,,,,,,,,,,,
2521,2,2021,2020,2041,3050,3010,2028,,,,,,,,,,,,,,
2521,3,3076,2021,2039,3135,3041,3077,3117,1116,2587,2522,,,,,,,,,,
2521,4,2021,2041,3050,2587,2522,1028,1116,2009,2001,,,,,,,,,,,
2521,5,2041,3050,2999,2021,2587,3052,2518,2603,3013,3015,3138,,,,,,,,,
2521,6,2055,1124,2020,2028,3010,3004,,,,,,,,,,,,,,
2521,7,3077,3041,3135,3076,1028,1116,,,,,,,,,,,,,,
2521,8,3134,3004,1124,2055,2024,3040,,,,,,,,,,,,,,
2521,9,8035,,,,,,,,,,,,,,,,,,,
2521,10,8105,1114,8104,8157,8158,,,,,,,,,,,,,,,
2521,Relations,8105,8104,8157,8158,2028,,,,,,,,,,,,,,,
2521,Villages visited,Mombelo,,,,,,,,,,,,,,,,,,,
2055,1,8014,8100,8029,,,,,,,,,,,,,,,,,
2055,2,2513,2021,8117,2521,2039,2038,,,,,,,,,,,,,,
2055,3,3058,3014,2001,2000,1101,3075,1113,,,,,,,,,,,,,
2055,4,3058,3014,2001,3015,3138,3013,2521,1116,1104,,,,,,,,,,,
2055,5,2055,2522,2513,,,,,,,,,,,,,,,,,
2055,6,2038,2039,3003,1124,8117,3058,2021,2020,,,,,,,,,,,,
2055,7,1023,3013,1121,2521,3015,3138,,,,,,,,,,,,,,
2055,8,2513,1124,8117,2523,2536,3061,2520,2534,,,,,,,,,,,,
2055,9,8014,8025,8046,,,,,,,,,,,,,,,,,
2055,10,1127,2999,8257,,,,,,,,,,,,,,,,,
2055,Relations,8117,,,,,,,,,,,,,,,,,,,
2055,Villages visited,Minjoukou,Mimbele,,,,,,,,,,,,,,,,,,
2053,1,8097,8048,8027,8062,8063,8065,,,,,,,,,,,,,,
2053,2,3040,2026,8099,3147,,,,,,,,,,,,,,,,
2053,3,3040,2026,3147,2025,,,,,,,,,,,,,,,,
2053,4,2025,2027,3041,3044,,,,,,,,,,,,,,,,
2053,5,2052,,,,,,,,,,,,,,,,,,,
2053,6,2053,,,,,,,,,,,,,,,,,,,
2053,7,2023,2006,2027,,,,,,,,,,,,,,,,,
2053,8,,,,,,,,,,,,,,,,,,,,
2053,9,,,,,,,,,,,,,,,,,,,,
2053,10,,,,,,,,,,,,,,,,,,,,
2053,Relations,,,,,,,,,,,,,,,,,,,,
2053,Villages visited,,,,,,,,,,,,,,,,,,,,
2052,1,8056,8049,8045,,,,,,,,,,,,,,,,,
2052,2,,,,,,,,,,,,,,,,,,,,
2052,3,2006,2044,3011,3005,,,,,,,,,,,,,,,,
2052,4,3005,2053,2006,2044,3046,3047,,,,,,,,,,,,,,
2052,5,2052,3047,3044,2006,2044,3005,,,,,,,,,,,,,,
2052,6,3006,2577,2053,3007,,,,,,,,,,,,,,,,
2052,7,2052,3047,2025,2006,2013,3005,3011,2044,,,,,,,,,,,,
2052,8,3046,1123,2012,3006,2577,,,,,,,,,,,,,,,
2052,9,8027,8049,,,,,,,,,,,,,,,,,,
2052,10,8128,,,,,,,,,,,,,,,,,,,
2052,Relations,,,,,,,,,,,,,,,,,,,,
2052,Villages visited,Minjoukou,,,,,,,,,,,,,,,,,,,
2047,1,8046,,,,,,,,,,,,,,,,,,,
2047,2,2024,,,,,,,,,,,,,,,,,,,
2047,3,2537,8261,2024,8177,2018,3017,8178,2512,2510,3060,2543,2565,,,,,,,,
2047,4,3090,2008,2003,2693,9084,,,,,,,,,,,,,,,
2047,5,2035,3017,2019,,,,,,,,,,,,,,,,,
2047,6,2047,2035,3017,2543,2512,2510,2565,,,,,,,,,,,,,
2047,7,2008,2003,3007,,,,,,,,,,,,,,,,,
2047,8,2537,2508,2526,3025,3141,,,,,,,,,,,,,,,
2047,9,8048,,,,,,,,,,,,,,,,,,,
2047,10,,,,,,,,,,,,,,,,,,,,
2047,Relations,8261,8178,8177,,,,,,,,,,,,,,,,,
2047,Villages visited,,,,,,,,,,,,,,,,,,,,
2046,1,,,,,,,,,,,,,,,,,,,,
2046,2,,,,,,,,,,,,,,,,,,,,
2046,3,2008,2007,2033,2003,2002,3090,3148,9084,2546,2547,,,,,,,,,,
2046,4,9084,3090,2033,2008,2003,,,,,,,,,,,,,,,
2046,5,2002,2003,2033,3148,2007,2008,,,,,,,,,,,,,,
2046,6,,,,,,,,,,,,,,,,,,,,
2046,7,2033,2003,3147,2546,2547,,,,,,,,,,,,,,,
2046,8,,,,,,,,,,,,,,,,,,,,
2046,9,,,,,,,,,,,,,,,,,,,,
2046,10,,,,,,,,,,,,,,,,,,,,
2046,Relations,9084,,,,,,,,,,,,,,,,,,,
2046,Villages visited,,,,,,,,,,,,,,,,,,,,
2044,1,8011,8040,,,,,,,,,,,,,,,,,,
2044,2,2577,2006,,,,,,,,,,,,,,,,,,
2044,3,2006,3011,2577,3005,2531,2532,,,,,,,,,,,,,,
2044,4,2006,3005,3001,2655,,,,,,,,,,,,,,,,
2044,5,2006,2577,3011,2531,2532,2563,,,,,,,,,,,,,,
2044,6,2581,2563,2052,3006,2012,,,,,,,,,,,,,,,
2044,7,2006,3011,2577,3001,2655,3005,,,,,,,,,,,,,,
2044,8,2524,2526,2563,2581,8271,,,,,,,,,,,,,,,
2044,9,8025,8016,,,,,,,,,,,,,,,,,,
2044,10,,,,,,,,,,,,,,,,,,,,
2044,Relations,,,,,,,,,,,,,,,,,,,,
2044,Villages visited,,,,,,,,,,,,,,,,,,,,
2041,1,8039,8049,8025,8048,,,,,,,,,,,,,,,,
2041,2,2020,2028,3050,2999,2012,,,,,,,,,,,,,,,
2041,3,2021,3050,2655,3001,2025,2044,3005,2013,3033,3047,,,,,,,,,,
2041,4,3050,2044,2655,2025,3047,2013,2587,,,,,,,,,,,,,
2041,5,3050,2044,2021,2025,3010,2028,2020,3040,2012,,,,,,,,,,,
2041,6,,,,,,,,,,,,,,,,,,,,
2041,7,2021,3050,2655,2013,2025,3005,3011,,,,,,,,,,,,,
2041,8,,,,,,,,,,,,,,,,,,,,
2041,9,8103,,,,,,,,,,,,,,,,,,,
2041,10,8103,,,,,,,,,,,,,,,,,,,
2041,Relations,2028,,,,,,,,,,,,,,,,,,,
2041,Villages visited,Mombelo,,,,,,,,,,,,,,,,,,,
2039,1,8284,8004,8028,8079,,,,,,,,,,,,,,,,
2039,2,2009,2612,3027,,,,,,,,,,,,,,,,,
2039,3,3059,3058,3014,2001,2612,2009,2021,3027,3003,1110,,,,,,,,,,
2039,4,3059,3014,2001,2009,2617,3023,2010,3002,,,,,,,,,,,,
2039,5,2612,3027,1124,2055,3058,3003,1110,,,,,,,,,,,,,
2039,6,3003,3059,3058,1110,1124,2055,2612,,,,,,,,,,,,,
2039,7,3059,3058,3014,2001,1104,1115,3063,3135,3076,,,,,,,,,,,
2039,8,1103,3065,2018,2014,,,,,,,,,,,,,,,,
2039,9,8014,8028,8079,8055,8098,8284,,,,,,,,,,,,,,
2039,10,8276,8277,8278,8279,,,,,,,,,,,,,,,,
2039,Relations,8276,8277,8278,8279,,,,,,,,,,,,,,,,
2039,Villages visited,Minjoukou,,,,,,,,,,,,,,,,,,,
2038,1,8000,8049,8014,8088,8030,8089,8090,8091,8018,,,,,,,,,,,
2038,2,,,,,,,,,,,,,,,,,,,,
2038,3,1103,3065,2018,3134,2612,3027,2020,2000,,,,,,,,,,,,
2038,4,2020,1124,2055,1103,3065,3003,3075,,,,,,,,,,,,,
2038,5,2038,2021,2521,2522,3014,3058,3059,,,,,,,,,,,,,
2038,6,1103,3065,2018,1124,2055,3075,,,,,,,,,,,,,,
2038,7,3058,3059,2021,3014,2009,,,,,,,,,,,,,,,
2038,8,1103,3065,1124,2055,2018,3075,2000,3003,1110,,,,,,,,,,,
2038,9,8030,8088,8049,8000,8018,8039,8092,,,,,,,,,,,,,
2038,10,8159,8160,8161,8152,8163,,,,,,,,,,,,,,,
2038,Relations,8159,8160,8161,8152,8163,,,,,,,,,,,,,,,
2038,Villages visited,Minjoukou,,,,,,,,,,,,,,,,,,,
2035,1,8014,,,,,,,,,,,,,,,,,,,
2035,2,,,,,,,,,,,,,,,,,,,,
2035,3,2047,2019,2018,3017,,,,,,,,,,,,,,,,
2035,4,,,,,,,,,,,,,,,,,,,,
2035,5,2047,3017,2543,,,,,,,,,,,,,,,,,
2035,6,2508,2537,2565,,,,,,,,,,,,,,,,,
2035,7,2005,9084,2033,3090,2046,1127,1109,1132,1112,,,,,,,,,,,
2035,8,1101,2000,1124,,,,,,,,,,,,,,,,,
2035,9,8046,,,,,,,,,,,,,,,,,,,
2035,10,,,,,,,,,,,,,,,,,,,,
2035,Relations,,,,,,,,,,,,,,,,,,,,
2035,Villages visited,,,,,,,,,,,,,,,,,,,,
2033,1,,,,,,,,,,,,,,,,,,,,
2033,2,,,,,,,,,,,,,,,,,,,,
2033,3,2046,2003,2002,2547,3147,2008,9084,3090,3009,3135,3076,2005,2015,2617,2019,,,,,
2033,4,2008,3123,9084,3076,3135,2046,2003,2005,3090,3115,,,,,,,,,,
2033,5,2046,2008,3147,2005,9084,3090,3076,3135,,,,,,,,,,,,
2033,6,2026,3040,2024,3148,2007,2002,2045,,,,,,,,,,,,,
2033,7,3076,2046,2003,2008,3123,9084,2015,2005,3083,,,,,,,,,,,
2033,8,3040,2024,2026,3148,2007,3133,2045,,,,,,,,,,,,,
2033,9,8064,8065,,,,,,,,,,,,,,,,,,
2033,10,,,,,,,,,,,,,,,,,,,,
2033,Relations,9084,,,,,,,,,,,,,,,,,,,
2033,Villages visited,,,,,,,,,,,,,,,,,,,,
2027,1,8061,8032,,,,,,,,,,,,,,,,,,
2027,2,2012,,,,,,,,,,,,,,,,,,,
2027,3,2025,2013,3042,3047,2006,2044,3011,3005,2041,3050,,,,,,,,,,
2027,4,2006,2044,2025,2013,2053,3044,3047,3042,,,,,,,,,,,,
2027,5,2026,2025,2013,2006,3005,2044,3044,2053,,,,,,,,,,,,
2027,6,2024,3040,3147,,,,,,,,,,,,,,,,,
2027,7,2025,2013,3044,2053,2006,2044,3005,,,,,,,,,,,,,
2027,8,2024,3040,3147,2525,1108,,,,,,,,,,,,,,,
2027,9,8284,8027,,,,,,,,,,,,,,,,,,
2027,10,,,,,,,,,,,,,,,,,,,,
2027,Relations,,,,,,,,,,,,,,,,,,,,
2027,Villages visited,,,,,,,,,,,,,,,,,,,,
2026,1,8027,,,,,,,,,,,,,,,,,,,
2026,2,,,,,,,,,,,,,,,,,,,,
2026,3,3049,3033,3031,3047,2013,2025,3147,3040,,,,,,,,,,,,
2026,4,3001,2655,3042,3047,,,,,,,,,,,,,,,,
2026,5,3042,3044,2053,2013,3047,,,,,,,,,,,,,,,
2026,6,2027,2013,3044,2053,2025,3042,3047,,,,,,,,,,,,,
2026,7,2006,2044,3005,2013,,,,,,,,,,,,,,,,
2026,8,3010,3147,3040,,,,,,,,,,,,,,,,,
2026,9,,,,,,,,,,,,,,,,,,,,
2026,10,8232,8233,8234,,,,,,,,,,,,,,,,,
2026,Relations,8232,8233,8234,,,,,,,,,,,,,,,,,
2026,Villages visited,Manfoute,Minjoukou,,,,,,,,,,,,,,,,,,
2025,1,8027,8035,8046,,,,,,,,,,,,,,,,,
2025,2,3040,3147,2026,3084,2002,,,,,,,,,,,,,,,
2025,3,3049,3033,3031,2013,2655,2006,3050,3047,2053,3044,2023,3030,2656,2044,2035,,,,,
2025,4,2035,2006,2013,3076,3050,3044,2053,3047,2023,3005,,,,,,,,,,
2025,5,2526,2530,2013,3042,3047,3050,2023,3030,2035,2047,3017,2041,2587,,,,,,,
2025,6,2526,2018,8178,2007,2568,3147,3040,3046,2022,2026,2034,,,,,,,,,
2025,7,2006,2044,3005,2013,2023,3002,3076,3135,2021,2521,3044,3030,3049,3042,3031,2655,3001,3041,,
2025,8,3040,3046,2012,2018,2002,2007,1108,,,,,,,,,,,,,
2025,9,8035,8027,8046,8014,,,,,,,,,,,,,,,,
2025,10,,,,,,,,,,,,,,,,,,,,
2025,Relations,2034,,,,,,,,,,,,,,,,,,,
2025,Villages visited,,,,,,,,,,,,,,,,,,,,
2024,1,8014,8071,,,,,,,,,,,,,,,,,,
2024,2,2018,,,,,,,,,,,,,,,,,,,
2024,3,8178,2035,2047,3017,2537,8177,2019,,,,,,,,,,,,,
2024,4,2019,2018,2005,3090,,,,,,,,,,,,,,,,
2024,5,2530,2013,2053,3044,2027,,,,,,,,,,,,,,,
2024,6,2025,2526,2524,2035,3017,2047,2019,2018,,,,,,,,,,,,
2024,7,2013,3050,2041,2021,3135,,,,,,,,,,,,,,,
2024,8,2018,3004,2004,1110,3133,2020,3134,2038,2612,2651,1103,3065,2007,,,,,,,
2024,9,,,,,,,,,,,,,,,,,,,,
2024,10,8000,,,,,,,,,,,,,,,,,,,
2024,Relations,8177,8178,,,,,,,,,,,,,,,,,,
2024,Villages visited,Mombelo,,,,,,,,,,,,,,,,,,,
2023,1,8035,,,,,,,,,,,,,,,,,,,
2023,2,3068,,,,,,,,,,,,,,,,,,,
2023,3,3068,3033,3030,3037,2025,2022,8195,2575,3036,,,,,,,,,,,
2023,4,2025,3068,3023,,,,,,,,,,,,,,,,,
2023,5,3068,3023,,,,,,,,,,,,,,,,,,
2023,6,3004,,,,,,,,,,,,,,,,,,,
2023,7,3068,3023,3020,,,,,,,,,,,,,,,,,
2023,8,3065,3004,,,,,,,,,,,,,,,,,,
2023,9,8035,8068,,,,,,,,,,,,,,,,,,
2023,10,,,,,,,,,,,,,,,,,,,,
2023,Relations,8195,,,,,,,,,,,,,,,,,,,
2023,Villages visited,,,,,,,,,,,,,,,,,,,,
2022,1,8038,8025,2028,,,,,,,,,,,,,,,,,
2022,2,,,,,,,,,,,,,,,,,,,,
2022,3,3004,2048,3065,8114,,,,,,,,,,,,,,,,
2022,4,2039,1112,1127,,,,,,,,,,,,,,,,,
2022,5,,,,,,,,,,,,,,,,,,,,
2022,6,2023,3004,3065,,,,,,,,,,,,,,,,,
2022,7,,,,,,,,,,,,,,,,,,,,
2022,8,3004,1101,2000,1113,,,,,,,,,,,,,,,,
2022,9,,,,,,,,,,,,,,,,,,,,
2022,10,8115,8116,,,,,,,,,,,,,,,,,,
2022,Relations,8114,8115,8116,,,,,,,,,,,,,,,,,
2022,Villages visited,Manfoute,Minjoukou,,,,,,,,,,,,,,,,,,
2021,1,8014,8025,,,,,,,,,,,,,,,,,,
2021,2,2521,,,,,,,,,,,,,,,,,,,
2021,3,3049,3070,3031,2655,2039,2038,3058,3059,3014,2009,2019,,,,,,,,,
2021,4,2521,2041,3049,2655,3001,,,,,,,,,,,,,,,
2021,5,2521,2020,2522,,,,,,,,,,,,,,,,,
2021,6,3050,2041,3049,2655,3001,,,,,,,,,,,,,,,
2021,7,3058,3059,3014,2009,2041,3050,2655,,,,,,,,,,,,,
2021,8,3074,3040,2028,3010,3147,,,,,,,,,,,,,,,
2021,9,8014,8013,8000,8035,8025,,,,,,,,,,,,,,,
2021,10,8104,8105,8106,,,,,,,,,,,,,,,,,
2021,Relations,8104,8105,8106,,,,,,,,,,,,,,,,,
2021,Villages visited,Mombelo,,,,,,,,,,,,,,,,,,,
2020,1,8035,8048,8039,8025,8049,8058,8023,,,,,,,,,,,,,
2020,2,,,,,,,,,,,,,,,,,,,,
2020,3,3049,3050,2041,2999,3010,2028,2655,3001,3031,3074,,,,,,,,,,
2020,4,3049,2655,3001,3031,3050,2041,2028,3010,,,,,,,,,,,,
2020,5,2038,2039,1124,2055,8117,2612,3027,,,,,,,,,,,,,
2020,6,2021,3050,2041,2999,2028,2521,,,,,,,,,,,,,,
2020,7,3050,2655,3031,2039,3014,2001,2009,,,,,,,,,,,,,
2020,8,3010,2028,3134,2038,3133,3075,,,,,,,,,,,,,,
2020,9,8035,8048,8049,8025,8038,8039,8058,,,,,,,,,,,,,
2020,10,3074,,,,,,,,,,,,,,,,,,,
2020,Relations,8117,2028,,,,,,,,,,,,,,,,,,
2020,Villages visited,Matangomba,Dikombo,,,,,,,,,,,,,,,,,,
2019,1,8014,,,,,,,,,,,,,,,,,,,
2019,2,,,,,,,,,,,,,,,,,,,,
2019,3,2038,1103,3065,1137,1111,8207,,,,,,,,,,,,,,
2019,4,8207,1111,1137,,,,,,,,,,,,,,,,,
2019,5,2047,2035,3017,3078,8207,,,,,,,,,,,,,,,
2019,6,2019,2024,8178,8261,,,,,,,,,,,,,,,,
2019,7,3123,2008,3083,,,,,,,,,,,,,,,,,
2019,8,2002,2007,2014,3133,,,,,,,,,,,,,,,,
2019,9,8014,8025,,,,,,,,,,,,,,,,,,
2019,10,8208,,,,,,,,,,,,,,,,,,,
2019,Relations,8208,8207,8261,8178,,,,,,,,,,,,,,,,
2019,Villages visited,Mimbele,,,,,,,,,,,,,,,,,,,
2018,1,8047,8046,8066,8005,8049,8011,,,,,,,,,,,,,,
2018,2,,,,,,,,,,,,,,,,,,,,
2018,3,3090,3135,2005,3076,9084,,,,,,,,,,,,,,,
2018,4,3090,3135,3076,2005,,,,,,,,,,,,,,,,
2018,5,2018,2035,3017,2047,3083,,,,,,,,,,,,,,,
2018,6,8178,2024,8261,2537,2002,2007,3133,2004,2568,2014,,,,,,,,,,
2018,7,2039,3123,3135,2003,3078,1111,3090,2008,,,,,,,,,,,,
2018,8,1103,3065,2038,,,,,,,,,,,,,,,,,
2018,9,,,,,,,,,,,,,,,,,,,,
2018,10,,,,,,,,,,,,,,,,,,,,
2018,Relations,8261,8178,,,,,,,,,,,,,,,,,,
2018,Villages visited,,,,,,,,,,,,,,,,,,,,
2015,1,8020,8021,8017,8023,8024,,,,,,,,,,,,,,,
2015,2,3109,,,,,,,,,,,,,,,,,,,
2015,3,3091,3109,8119,2576,8263,,,,,,,,,,,,,,,
2015,4,3109,3112,,,,,,,,,,,,,,,,,,
2015,5,3109,3112,8210,8119,,,,,,,,,,,,,,,,
2015,6,2015,3121,2617,3089,,,,,,,,,,,,,,,,
2015,7,2693,3090,3109,3121,,,,,,,,,,,,,,,,
2015,8,3089,,,,,,,,,,,,,,,,,,,
2015,9,8020,8021,8017,,,,,,,,,,,,,,,,,
2015,10,8121,,,,,,,,,,,,,,,,,,,
2015,Relations,8119,8263,8210,8121,,,,,,,,,,,,,,,,
2015,Villages visited,Minjoukou,,,,,,,,,,,,,,,,,,,
2014,1,8047,,,,,,,,,,,,,,,,,,,
2014,2,3139,3091,,,,,,,,,,,,,,,,,,
2014,3,3121,2617,9084,3090,,,,,,,,,,,,,,,,
2014,4,2015,3121,2617,9084,3090,,,,,,,,,,,,,,,
2014,5,3109,3092,,,,,,,,,,,,,,,,,,
2014,6,2015,3121,2617,,,,,,,,,,,,,,,,,
2014,7,3092,3109,3090,9084,2003,,,,,,,,,,,,,,,
2014,8,3139,3091,9084,3090,2002,,,,,,,,,,,,,,,
2014,9,8047,,,,,,,,,,,,,,,,,,,
2014,10,8121,9009,9084,,,,,,,,,,,,,,,,,
2014,Relations,8121,,,,,,,,,,,,,,,,,,,
2014,Villages visited,Minjoukou,Mipoto,,,,,,,,,,,,,,,,,,
2013,1,8027,8047,8046,8062,8063,,,,,,,,,,,,,,,
2013,2,3147,3040,2026,2025,3042,3047,3044,2053,,,,,,,,,,,,
2013,3,3005,2006,2044,3011,3006,,,,,,,,,,,,,,,
2013,4,3001,2655,3050,2041,2999,,,,,,,,,,,,,,,
2013,5,2012,3040,3147,2026,2024,,,,,,,,,,,,,,,
2013,6,3040,3147,2026,2052,3006,,,,,,,,,,,,,,,
2013,7,2006,2044,3005,3007,2025,2053,3044,3042,,,,,,,,,,,,
2013,8,2026,3040,3147,,,,,,,,,,,,,,,,,
2013,9,,,,,,,,,,,,,,,,,,,,
2013,10,,,,,,,,,,,,,,,,,,,,
2013,Relations,,,,,,,,,,,,,,,,,,,,
2013,Villages visited,,,,,,,,,,,,,,,,,,,,
2012,1,8045,,,,,,,,,,,,,,,,,,,
2012,2,2052,3006,,,,,,,,,,,,,,,,,,
2012,3,3006,2052,,,,,,,,,,,,,,,,,,
2012,4,2024,3147,3040,2026,,,,,,,,,,,,,,,,
2012,5,2012,1127,1112,1109,,,,,,,,,,,,,,,,
2012,6,2002,2007,,,,,,,,,,,,,,,,,,
2012,7,1111,1112,1109,1107,,,,,,,,,,,,,,,,
2012,8,2002,3147,3040,2026,3042,3047,,,,,,,,,,,,,,
2012,9,8045,,,,,,,,,,,,,,,,,,,
2012,10,8010,,,,,,,,,,,,,,,,,,,
2012,Relations,,,,,,,,,,,,,,,,,,,,
2012,Villages visited,Mombelo,,,,,,,,,,,,,,,,,,,
2010,1,,,,,,,,,,,,,,,,,,,,
2010,2,,,,,,,,,,,,,,,,,,,,
2010,3,1101,2000,3002,2693,8266,3032,2596,8122,,,,,,,,,,,,
2010,4,1102,2693,3002,2000,1101,8266,2006,,,,,,,,,,,,,
2010,5,1123,,,,,,,,,,,,,,,,,,,
2010,6,2010,2000,1101,2018,2002,,,,,,,,,,,,,,,
2010,7,3002,2693,8266,2596,8122,8267,8268,,,,,,,,,,,,,
2010,8,3046,8264,3027,,,,,,,,,,,,,,,,,
2010,9,8046,,,,,,,,,,,,,,,,,,,
2010,10,8134,,,,,,,,,,,,,,,,,,,
2010,Relations,8134,8267,8268,8266,2693,,,,,,,,,,,,,,,
2010,Villages visited,Monjanda,,,,,,,,,,,,,,,,,,,
2009,1,8003,8013,8027,8014,8028,8015,,,,,,,,,,,,,,
2009,2,,,,,,,,,,,,,,,,,,,,
2009,3,3058,3059,2039,2038,2019,8178,8261,2024,,,,,,,,,,,,
2009,4,8178,8262,8223,3058,8124,3092,3138,,,,,,,,,,,,,
2009,5,3073,3072,,,,,,,,,,,,,,,,,,
2009,6,8223,2651,,,,,,,,,,,,,,,,,,
2009,7,3058,3014,2001,2021,2521,2522,2035,2047,2019,,,,,,,,,,,
2009,8,3003,1110,2651,1124,2038,2055,,,,,,,,,,,,,,
2009,9,8029,8014,8030,8003,8013,8136,8011,,,,,,,,,,,,,
2009,10,8124,1114,9074,,,,,,,,,,,,,,,,,
2009,Relations,8124,8223,9074,,,,,,,,,,,,,,,,,
2009,Villages visited,Mombelo,Sendebumu,,,,,,,,,,,,,,,,,,
2008,1,2007,,,,,,,,,,,,,,,,,,,
2008,2,,,,,,,,,,,,,,,,,,,,
2008,3,2003,2002,2046,2033,2007,3004,8108,3083,3084,3133,9084,3009,2557,2559,2561,2560,2549,8135,,
2008,4,3123,2003,2033,3147,3004,,,,,,,,,,,,,,,
2008,5,2560,2549,2557,2561,,,,,,,,,,,,,,,,
2008,6,2045,3148,2002,,,,,,,,,,,,,,,,,
2008,7,9084,2003,2002,3123,3083,3084,,,,,,,,,,,,,,
2008,8,2002,8054,8046,8049,2024,,,,,,,,,,,,,,,
2008,9,8054,8013,8030,8055,,,,,,,,,,,,,,,,
2008,10,,,,,,,,,,,,,,,,,,,,
2008,Relations,8108,8135,9084,,,,,,,,,,,,,,,,,
2008,Villages visited,,,,,,,,,,,,,,,,,,,,
2006,1,8031,8032,,,,,,,,,,,,,,,,,,
2006,2,2044,2027,2052,,,,,,,,,,,,,,,,,
2006,3,2013,3005,2044,3011,,,,,,,,,,,,,,,,
2006,4,2044,3005,2013,,,,,,,,,,,,,,,,,
2006,5,2044,3005,2052,3006,2012,,,,,,,,,,,,,,,
2006,6,2526,2524,2581,8271,,,,,,,,,,,,,,,,
2006,7,3001,2044,,,,,,,,,,,,,,,,,,
2006,8,,,,,,,,,,,,,,,,,,,,
2006,9,8033,8034,,,,,,,,,,,,,,,,,,
2006,10,8156,,,,,,,,,,,,,,,,,,,
2006,Relations,8156,8271,,,,,,,,,,,,,,,,,,
2006,Villages visited,Manfoute,,,,,,,,,,,,,,,,,,,
2005,1,,,,,,,,,,,,,,,,,,,,
2005,2,,,,,,,,,,,,,,,,,,,,
2005,3,2004,3090,2568,8265,2551,2562,2550,,,,,,,,,,,,,
2005,4,3090,2015,,,,,,,,,,,,,,,,,,
2005,5,,,,,,,,,,,,,,,,,,,,
2005,6,3089,,,,,,,,,,,,,,,,,,,
2005,7,2015,,,,,,,,,,,,,,,,,,,
2005,8,2014,3089,2568,,,,,,,,,,,,,,,,,
2005,9,8000,,,,,,,,,,,,,,,,,,,
2005,10,,,,,,,,,,,,,,,,,,,,
2005,Relations,8265,,,,,,,,,,,,,,,,,,,
2005,Villages visited,,,,,,,,,,,,,,,,,,,,
2003,1,,,,,,,,,,,,,,,,,,,,
2003,2,,,,,,,,,,,,,,,,,,,,
2003,3,3133,3123,2008,9084,3090,2014,2015,3121,2005,2004,3076,3135,3134,,,,,,,
2003,4,3135,3076,2008,2014,3133,3123,3121,2015,,,,,,,,,,,,
2003,5,3123,2008,9084,3076,3135,2005,3121,2004,2014,2002,,,,,,,,,,
2003,6,3133,3147,2007,2045,2004,3148,2568,2014,2550,,,,,,,,,,,
2003,7,3076,3135,3123,2008,2015,3121,2005,9084,,,,,,,,,,,,
2003,8,3133,3147,2014,2004,2007,3148,2045,,,,,,,,,,,,,
2003,9,,,,,,,,,,,,,,,,,,,,
2003,10,,,,,,,,,,,,,,,,,,,,
2003,Relations,9084,,,,,,,,,,,,,,,,,,,
2003,Villages visited,,,,,,,,,,,,,,,,,,,,
2002,1,8049,8005,,,,,,,,,,,,,,,,,,
2002,2,1103,3133,,,,,,,,,,,,,,,,,,
2002,3,2018,3090,9084,2033,2007,2046,3148,,,,,,,,,,,,,
2002,4,2003,2033,2046,9084,3133,2007,,,,,,,,,,,,,,
2002,5,2002,2046,2008,,,,,,,,,,,,,,,,,
2002,6,2003,2007,3133,2018,,,,,,,,,,,,,,,,
2002,7,2033,2008,9084,,,,,,,,,,,,,,,,,
2002,8,1103,3065,2014,2004,3004,,,,,,,,,,,,,,,
2002,9,8049,8005,,,,,,,,,,,,,,,,,,
2002,10,,,,,,,,,,,,,,,,,,,,
2002,Relations,9084,,,,,,,,,,,,,,,,,,,
2002,Villages visited,,,,,,,,,,,,,,,,,,,,
2001,1,8014,,,,,,,,,,,,,,,,,,,
2001,2,1107,3013,1112,1109,,,,,,,,,,,,,,,,
2001,3,3014,2000,3003,3059,3058,2039,,,,,,,,,,,,,,
2001,4,2039,3059,3014,3013,3058,,,,,,,,,,,,,,,
2001,5,1107,3013,3015,1109,,,,,,,,,,,,,,,,
2001,6,2568,3003,2004,,,,,,,,,,,,,,,,,
2001,7,1107,1106,1109,1132,,,,,,,,,,,,,,,,
2001,8,1124,2055,1101,3003,2568,,,,,,,,,,,,,,,
2001,9,8000,,,,,,,,,,,,,,,,,,,
2001,10,,,,,,,,,,,,,,,,,,,,
2001,Relations,,,,,,,,,,,,,,,,,,,,
2001,Villages visited,,,,,,,,,,,,,,,,,,,,
2000,1,8015,,,,,,,,,,,,,,,,,,,
2000,2,1101,1124,1110,2055,2651,2612,3010,2024,,,,,,,,,,,,
2000,3,8170,2012,3005,2020,,,,,,,,,,,,,,,,
2000,4,8170,3005,2010,3020,2041,2012,,,,,,,,,,,,,,
2000,5,1107,,,,,,,,,,,,,,,,,,,
2000,6,2001,3003,2004,2568,3014,,,,,,,,,,,,,,,
2000,7,2006,3020,3005,1107,1112,1127,,,,,,,,,,,,,,
2000,8,1124,1101,2568,3025,1110,,,,,,,,,,,,,,,
2000,9,8036,8015,8035,,,,,,,,,,,,,,,,,
2000,10,,,,,,,,,,,,,,,,,,,,
2000,Relations,8170,2651,,,,,,,,,,,,,,,,,,
2000,Villages visited,,,,,,,,,,,,,,,,,,,,
1127,1,8058,8000,8073,,,,,,,,,,,,,,,,,
1127,2,,,,,,,,,,,,,,,,,,,,
1127,3,1103,3065,,,,,,,,,,,,,,,,,,
1127,4,1109,1112,1132,,,,,,,,,,,,,,,,,
1127,5,3082,1028,1029,1043,3000,1141,,,,,,,,,,,,,,
1127,6,3065,1103,1108,,,,,,,,,,,,,,,,,
1127,7,9084,3078,,,,,,,,,,,,,,,,,,
1127,8,1103,3065,1113,1108,,,,,,,,,,,,,,,,
1127,9,8073,8000,8058,,,,,,,,,,,,,,,,,
1127,10,8231,8230,8235,8236,,,,,,,,,,,,,,,,
1127,Relations,8231,8230,8235,8236,9084,,,,,,,,,,,,,,,
1127,Villages visited,Mimbele,,,,,,,,,,,,,,,,,,,
1124,1,8014,8028,,,,,,,,,,,,,,,,,,
1124,2,2055,1110,3003,8117,2021,2009,3058,3059,,,,,,,,,,,,
1124,3,2021,2521,2522,2009,3058,3138,2001,3063,,,,,,,,,,,,
1124,4,3063,2021,2521,2009,3058,2522,,,,,,,,,,,,,,
1124,5,1124,1032,1006,1120,1119,3133,3075,3076,,,,,,,,,,,,
1124,6,2055,2513,2523,2536,3061,2520,2534,,,,,,,,,,,,,
1124,7,3063,3076,3135,1120,2009,1121,8223,3145,,,,,,,,,,,,
1124,8,3003,1110,8222,1110,2055,2513,2523,2536,3061,,,,,,,,,,,
1124,9,8014,8028,,,,,,,,,,,,,,,,,,
1124,10,8221,8117,,,,,,,,,,,,,,,,,,
1124,Relations,8117,8222,8221,8223,,,,,,,,,,,,,,,,
1124,Villages visited,Thanry,Buse Buse,,,,,,,,,,,,,,,,,,
1123,1,8047,8005,8014,8039,,,,,,,,,,,,,,,,
1123,2,,,,,,,,,,,,,,,,,,,,
1123,3,3090,1137,,,,,,,,,,,,,,,,,,
1123,4,2008,1137,,,,,,,,,,,,,,,,,,
1123,5,1102,3002,2693,8266,,,,,,,,,,,,,,,,
1123,6,1103,2010,1045,1010,2502,2501,,,,,,,,,,,,,,
1123,7,3005,2006,2044,2013,3011,,,,,,,,,,,,,,,
1123,8,1103,3065,2004,2002,2020,2038,2018,,,,,,,,,,,,,
1123,9,8047,8048,,,,,,,,,,,,,,,,,,
1123,10,8269,8270,,,,,,,,,,,,,,,,,,
1123,Relations,2693,8266,,,,,,,,,,,,,,,,,,
1123,Villages visited,Bounginda,,,,,,,,,,,,,,,,,,,
1122,1,8068,,,,,,,,,,,,,,,,,,,
1122,2,2028,,,,,,,,,,,,,,,,,,,
1122,3,2028,2041,2587,2518,3052,3036,2527,,,,,,,,,,,,,
1122,4,2024,2025,3040,2026,3147,,,,,,,,,,,,,,,
1122,5,1104,1008,1006,1007,,,,,,,,,,,,,,,,
1122,6,1121,2901,,,,,,,,,,,,,,,,,,
1122,7,3117,1016,1035,1023,1022,,,,,,,,,,,,,,,
1122,8,1103,3134,1119,1124,2612,1101,2052,,,,,,,,,,,,,
1122,9,,,,,,,,,,,,,,,,,,,,
1122,10,8104,8105,8157,8180,8181,8182,8183,8185,,,,,,,,,,,,
1122,Relations,8104,8105,8157,8180,8181,8182,8185,2028,,,,,,,,,,,,
1122,Villages visited,Mombelo,,,,,,,,,,,,,,,,,,,
1121,1,8014,8058,8039,8000,8035,8015,8046,,,,,,,,,,,,,
1121,2,,,,,,,,,,,,,,,,,,,,
1121,3,1104,1103,1115,3065,1107,1111,1120,1116,3063,1106,1112,1109,1127,3078,3076,3135,3075,3041,3077,3117
1121,4,3117,,,,,,,,,,,,,,,,,,,
1121,5,3117,1122,1006,1032,1007,1016,1035,3077,1023,,,,,,,,,,,
1121,6,2028,3040,3010,,,,,,,,,,,,,,,,,
1121,7,3041,1107,1102,2046,3117,1023,1112,3063,1116,1120,1028,3078,1032,,,,,,,
1121,8,1103,,,,,,,,,,,,,,,,,,,
1121,9,8000,8016,8017,8018,8049,,,,,,,,,,,,,,,
1121,10,8104,,,,,,,,,,,,,,,,,,,
1121,Relations,8104,2028,,,,,,,,,,,,,,,,,,
1121,Villages visited,Mombelo,,,,,,,,,,,,,,,,,,,
1120,1,8054,8011,8040,8011,8039,8058,,,,,,,,,,,,,,
1120,2,1116,3076,3063,1104,3135,2617,1115,1127,1132,1112,,,,,,,,,,
1120,3,1104,1119,3063,2617,2009,3076,3135,2003,1116,3115,3078,3058,3059,2019,2035,3133,3083,2008,,
1120,4,1104,3063,3135,2039,8223,8149,3076,3135,3077,2617,3115,3078,3058,3059,3083,3123,2008,2046,,
1120,5,1119,3076,1116,1104,3135,3063,3115,1035,2009,3083,2035,2047,1006,,,,,,,
1120,6,1120,,,,,,,,,,,,,,,,,,,
1120,7,1104,3076,3078,3114,2009,2039,3059,2617,2003,1111,1132,1116,3149,3123,2035,,,,,
1120,8,,,,,,,,,,,,,,,,,,,,
1120,9,8054,8011,8039,8011,8058,8077,8078,8046,8014,8047,8005,8028,8079,8025,,,,,,
1120,10,8150,8251,9005,8164,,,,,,,,,,,,,,,,
1120,Relations,8150,8251,9005,8149,8164,,,,,,,,,,,,,,,
1120,Villages visited,Mombelo,Mbounginda,,,,,,,,,,,,,,,,,,
1119,1,8036,8049,8039,8010,8081,8102,,,,,,,,,,,,,,
1119,2,1103,1113,1101,2052,2024,,,,,,,,,,,,,,,
1119,3,1103,1113,1116,1115,3063,1104,,,,,,,,,,,,,,
1119,4,1103,1113,3063,1116,2004,2568,3134,3076,,,,,,,,,,,,
1119,5,1115,3063,1116,1103,3076,3135,2005,,,,,,,,,,,,,
1119,6,1115,1103,1120,1032,1030,,,,,,,,,,,,,,,
1119,7,3135,1104,3076,1104,3063,1116,2005,1109,1112,1127,,,,,,,,,,
1119,8,1103,1113,1123,2024,2004,3134,2018,3027,3046,2002,2007,2020,3010,2028,,,,,,
1119,9,8036,8049,8025,8039,8014,8028,8011,8051,,,,,,,,,,,,
1119,10,8164,8165,,,,,,,,,,,,,,,,,,
1119,Relations,8164,8165,,,,,,,,,,,,,,,,,,
1119,Villages visited,Thanry,Mombelo,Manfoute,,,,,,,,,,,,,,,,,
1116,1,8011,8028,8049,8023,8039,,,,,,,,,,,,,,,
1116,2,3063,1120,3135,3076,1104,2617,1109,1127,,,,,,,,,,,,
1116,3,3076,1104,3135,3063,1115,1120,1127,3114,8243,,,,,,,,,,,
1116,4,3058,3059,1121,2041,2005,1111,2039,,,,,,,,,,,,,
1116,5,1124,3076,1120,3063,1104,1121,2617,2521,2522,2005,1132,1112,1127,1107,,,,,,
1116,6,2055,3141,2612,3027,3134,,,,,,,,,,,,,,,
1116,7,2009,3058,2001,3085,1121,3114,2035,2047,3076,,,,,,,,,,,
1116,8,3141,2055,2612,3027,3134,,,,,,,,,,,,,,,
1116,9,8028,8039,8080,8049,8023,,,,,,,,,,,,,,,
1116,10,8150,9005,,,,,,,,,,,,,,,,,,
1116,Relations,8150,9005,,,,,,,,,,,,,,,,,,
1116,Villages visited,Mombelo,,,,,,,,,,,,,,,,,,,
1115,1,8011,8049,8028,,,,,,,,,,,,,,,,,
1115,2,,,,,,,,,,,,,,,,,,,,
1115,3,1116,1104,1120,1124,1103,1119,,,,,,,,,,,,,,
1115,4,3076,3135,1120,1104,1116,3063,,,,,,,,,,,,,,
1115,5,1116,3076,1104,3063,3135,,,,,,,,,,,,,,,
1115,6,3025,1006,,,,,,,,,,,,,,,,,,
1115,7,1116,1120,3076,3135,1104,,,,,,,,,,,,,,,
1115,8,3025,1006,1007,,,,,,,,,,,,,,,,,
1115,9,8011,8049,8028,,,,,,,,,,,,,,,,,
1115,10,,,,,,,,,,,,,,,,,,,,
1115,Relations,,,,,,,,,,,,,,,,,,,,
1115,Villages visited,,,,,,,,,,,,,,,,,,,,
1114,1,8026,8072,,,,,,,,,,,,,,,,,,
1114,2,3147,2026,,,,,,,,,,,,,,,,,,
1114,3,1127,1111,1132,1112,1109,1023,1022,1026,1024,1038,1106,1107,,,,,,,,
1114,4,1111,1132,1109,1127,1023,1112,1107,1106,1039,,,,,,,,,,,
1114,5,1113,1109,1127,1111,1132,1112,1023,1022,,,,,,,,,,,,
1114,6,1114,1040,2048,3147,1103,3065,1108,,,,,,,,,,,,,
1114,7,1127,1107,1111,1109,1104,,,,,,,,,,,,,,,
1114,8,1103,3065,1108,3147,,,,,,,,,,,,,,,,
1114,9,8048,8017,8072,,,,,,,,,,,,,,,,,
1114,10,8106,8104,8105,8167,,,,,,,,,,,,,,,,
1114,Relations,8106,8104,8105,8167,,,,,,,,,,,,,,,,
1114,Villages visited,Mombelo,,,,,,,,,,,,,,,,,,,
1113,1,8014,8058,8054,8096,,,,,,,,,,,,,,,,
1113,2,2022,2048,8253,8211,3091,,,,,,,,,,,,,,,
1113,3,2022,2048,8253,3091,8211,,,,,,,,,,,,,,,
1113,4,1111,1127,1132,1112,1114,,,,,,,,,,,,,,,
1113,5,1111,1038,1023,1028,1029,,,,,,,,,,,,,,,
1113,6,1024,1114,2022,2048,8253,3091,,,,,,,,,,,,,,
1113,7,1127,1109,1112,1107,1106,1132,1028,1023,1111,,,,,,,,,,,
1113,8,1110,3147,1108,2026,2055,2022,,,,,,,,,,,,,,
1113,9,8058,8054,8096,8014,8019,,,,,,,,,,,,,,,
1113,10,9005,,,,,,,,,,,,,,,,,,,
1113,Relations,8253,9005,,,,,,,,,,,,,,,,,,
1113,Villages visited,Mombelo,,,,,,,,,,,,,,,,,,,
1112,1,,,,,,,,,,,,,,,,,,,,
1112,2,,,,,,,,,,,,,,,,,,,,
1112,3,1111,1106,1113,1114,1109,1127,3082,,,,,,,,,,,,,
1112,4,1107,1109,1127,1132,1111,1114,,,,,,,,,,,,,,
1112,5,1039,1040,,,,,,,,,,,,,,,,,,
1112,6,8123,1112,,,,,,,,,,,,,,,,,,
1112,7,1107,,,,,,,,,,,,,,,,,,,
1112,8,,,,,,,,,,,,,,,,,,,,
1112,9,,,,,,,,,,,,,,,,,,,,
1112,10,,,,,,,,,,,,,,,,,,,,
1112,Relations,,,,,,,,,,,,,,,,,,,,
1112,Villages visited,,,,,,,,,,,,,,,,,,,,
1111,1,8000,8013,,,,,,,,,,,,,,,,,,
1111,2,,,,,,,,,,,,,,,,,,,,
1111,3,3065,1103,1127,1112,1132,,,,,,,,,,,,,,,
1111,4,1104,3078,1115,1106,1107,1109,1127,1132,1114,,,,,,,,,,,
1111,5,1109,1112,1132,,,,,,,,,,,,,,,,,
1111,6,1127,,,,,,,,,,,,,,,,,,,
1111,7,9084,3090,3123,,,,,,,,,,,,,,,,,
1111,8,1103,3065,,,,,,,,,,,,,,,,,,
1111,9,,,,,,,,,,,,,,,,,,,,
1111,10,,,,,,,,,,,,,,,,,,,,
1111,Relations,9084,,,,,,,,,,,,,,,,,,,
1111,Villages visited,,,,,,,,,,,,,,,,,,,,
1110,1,8019,,,,,,,,,,,,,,,,,,,
1110,2,2000,3003,,,,,,,,,,,,,,,,,,
1110,3,3059,3014,2001,3015,3013,,,,,,,,,,,,,,,
1110,4,2039,3058,3013,3015,2504,2554,1020,1023,1021,1022,,,,,,,,,,
1110,5,1023,1021,1029,1022,,,,,,,,,,,,,,,,
1110,6,1109,1020,2554,,,,,,,,,,,,,,,,,
1110,7,3058,3059,3014,2001,3013,3015,,,,,,,,,,,,,,
1110,8,3003,8222,1124,2055,2568,2000,,,,,,,,,,,,,,
1110,9,8019,8059,,,,,,,,,,,,,,,,,,
1110,10,,,,,,,,,,,,,,,,,,,,
1110,Relations,8222,,,,,,,,,,,,,,,,,,,
1110,Villages visited,Thanry,,,,,,,,,,,,,,,,,,,
1109,1,8058,8017,,,,,,,,,,,,,,,,,,
1109,2,,,,,,,,,,,,,,,,,,,,
1109,3,1111,1127,1113,1112,1132,1106,1107,1137,,,,,,,,,,,,
1109,4,1111,1106,1112,1127,1132,1107,1023,1028,1029,1022,1104,1115,1120,1116,3063,1121,,,,
1109,5,1023,1022,1111,1112,1132,1114,,,,,,,,,,,,,,
1109,6,1109,3003,3014,2001,2000,3013,3015,,,,,,,,,,,,,
1109,7,3059,1107,1106,1114,1127,1112,1132,3122,1104,3078,,,,,,,,,,
1109,8,3003,1108,1113,3065,1103,2038,,,,,,,,,,,,,,
1109,9,8058,8017,8000,8014,,,,,,,,,,,,,,,,
1109,10,,,,,,,,,,,,,,,,,,,,
1109,Relations,,,,,,,,,,,,,,,,,,,,
1109,Villages visited,,,,,,,,,,,,,,,,,,,,
1108,1,,,,,,,,,,,,,,,,,,,,
1108,2,,,,,,,,,,,,,,,,,,,,
1108,3,3031,3033,3049,1115,2013,2025,8150,,,,,,,,,,,,,
1108,4,2025,2013,3031,3033,3049,3042,,,,,,,,,,,,,,
1108,5,1108,3084,2002,3040,2026,3147,,,,,,,,,,,,,,
1108,6,3084,2002,3040,2026,3147,,,,,,,,,,,,,,,
1108,7,2026,3147,3040,3084,2002,,,,,,,,,,,,,,,
1108,8,3147,2026,3040,2002,3084,,,,,,,,,,,,,,,
1108,9,8027,,,,,,,,,,,,,,,,,,,
1108,10,,,,,,,,,,,,,,,,,,,,
1108,Relations,8150,,,,,,,,,,,,,,,,,,,
1108,Villages visited,,,,,,,,,,,,,,,,,,,,
1107,1,8008,,,,,,,,,,,,,,,,,,,
1107,2,1112,1132,1109,1127,,,,,,,,,,,,,,,,
1107,3,1112,1109,1127,1111,,,,,,,,,,,,,,,,
1107,4,1112,1127,1109,,,,,,,,,,,,,,,,,
1107,5,1108,1112,1109,1127,,,,,,,,,,,,,,,,
1107,6,3006,1113,2048,,,,,,,,,,,,,,,,,
1107,7,1112,1127,1109,,,,,,,,,,,,,,,,,
1107,8,1113,3065,1103,3082,,,,,,,,,,,,,,,,
1107,9,,,,,,,,,,,,,,,,,,,,
1107,10,,,,,,,,,,,,,,,,,,,,
1107,Relations,,,,,,,,,,,,,,,,,,,,
1107,Villages visited,,,,,,,,,,,,,,,,,,,,
1106,1,8000,,,,,,,,,,,,,,,,,,,
1106,2,,,,,,,,,,,,,,,,,,,,
1106,3,1112,1137,1107,1111,1132,1109,1127,,,,,,,,,,,,,
1106,4,1036,1039,1040,,,,,,,,,,,,,,,,,
1106,5,,,,,,,,,,,,,,,,,,,,
1106,6,,,,,,,,,,,,,,,,,,,,
1106,7,1107,1112,1109,1132,1127,,,,,,,,,,,,,,,
1106,8,,,,,,,,,,,,,,,,,,,,
1106,9,,,,,,,,,,,,,,,,,,,,
1106,10,,,,,,,,,,,,,,,,,,,,
1106,Relations,,,,,,,,,,,,,,,,,,,,
1106,Villages visited,,,,,,,,,,,,,,,,,,,,
1104,1,8058,8028,8039,8023,,,,,,,,,,,,,,,,
1104,2,,,,,,,,,,,,,,,,,,,,
1104,3,3135,3076,1115,1120,3063,1116,1102,1111,1137,1106,3065,,,,,,,,,
1104,4,1115,8149,2015,8225,8226,8227,8228,,,,,,,,,,,,,
1104,5,8149,3076,1115,3135,3063,1116,1120,1102,2015,1106,1111,,,,,,,,,
1104,6,1104,3065,8229,1113,1108,3082,1101,1122,1119,,,,,,,,,,,
1104,7,1115,1120,3135,3076,2015,8149,1121,1102,8225,1106,1111,,,,,,,,,
1104,8,3065,2018,2038,2002,3090,9084,2014,1111,3082,1113,2022,8110,,,,,,,,
1104,9,,,,,,,,,,,,,,,,,,,,
1104,10,8230,8229,8231,,,,,,,,,,,,,,,,,
1104,Relations,8149,8225,8226,8227,8228,8229,8230,9084,,,,,,,,,,,,
1104,Villages visited,Minjoukou,Mimbele,,,,,,,,,,,,,,,,,,
1103,1,8014,8047,8046,8005,,,,,,,,,,,,,,,,
1103,2,,,,,,,,,,,,,,,,,,,,
1103,3,1111,3065,1106,8127,8110,1113,2048,2022,1109,1102,1121,1006,,,,,,,,
1103,4,1111,1127,8127,1106,,,,,,,,,,,,,,,,
1103,5,1121,1122,1006,2022,,,,,,,,,,,,,,,,
1103,6,3065,1104,1006,1007,,,,,,,,,,,,,,,,
1103,7,3065,2038,1111,8127,1106,1127,1109,1132,,,,,,,,,,,,
1103,8,1122,1006,1007,,,,,,,,,,,,,,,,,
1103,9,,,,,,,,,,,,,,,,,,,,
1103,10,,,,,,,,,,,,,,,,,,,,
1103,Relations,8127,,,,,,,,,,,,,,,,,,,
1103,Villages visited,,,,,,,,,,,,,,,,,,,,
1102,1,8011,,,,,,,,,,,,,,,,,,,
1102,2,,,,,,,,,,,,,,,,,,,,
1102,3,3020,1137,1115,2009,1111,3005,2693,1120,2039,,,,,,,,,,,
1102,4,3005,2010,3002,,,,,,,,,,,,,,,,,
1102,5,1010,1011,2500,3077,1035,2593,1132,1028,2009,,,,,,,,,,,
1102,6,1124,3141,3003,3027,2055,2000,1110,1113,2022,2048,,,,,,,,,,
1102,7,3005,1104,1121,3076,2009,2006,3020,2033,2693,8149,8119,9084,,,,,,,,
1102,8,1110,3027,2000,2052,2568,1124,2055,1119,,,,,,,,,,,,
1102,9,8012,8013,8000,,,,,,,,,,,,,,,,,
1102,10,,,,,,,,,,,,,,,,,,,,
1102,Relations,2693,8149,9084,,,,,,,,,,,,,,,,,
1102,Villages visited,,,,,,,,,,,,,,,,,,,,
1101,1,8036,,,,,,,,,,,,,,,,,,,
1101,2,,,,,,,,,,,,,,,,,,,,
1101,3,2010,3002,2693,8266,2000,8268,8267,,,,,,,,,,,,,
1101,4,3023,2001,3020,3068,2006,2044,2023,,,,,,,,,,,,,
1101,5,3068,2009,1116,2023,2035,,,,,,,,,,,,,,,
1101,6,3141,3025,1123,2000,1124,1006,1110,3003,1119,2011,1113,,,,,,,,,
1101,7,3020,2023,2006,1116,1120,1035,3068,3002,8266,2001,2031,,,,,,,,,
1101,8,2000,1124,2055,3003,1110,3089,2651,2024,8178,2034,1113,,,,,,,,,
1101,9,8037,8028,8038,,,,,,,,,,,,,,,,,
1101,10,8155,,,,,,,,,,,,,,,,,,,
1101,Relations,8155,2693,8266,8268,8267,2651,,,,,,,,,,,,,,
1101,Villages visited,Manfoute,,,,,,,,,,,,,,,,,,,
1028,1,8073,8058,8017,8074,8059,,,,,,,,,,,,,,,
1028,2,1121,1112,1132,1109,1107,,,,,,,,,,,,,,,
1028,3,2039,2038,1124,2055,3058,3059,2001,2021,2521,,,,,,,,,,,
1028,4,2039,2021,2521,3058,3059,2001,3014,,,,,,,,,,,,,
1028,5,2055,2039,1116,3013,2521,2021,3059,3138,,,,,,,,,,,,
1028,6,1028,1124,2513,2523,2038,,,,,,,,,,,,,,,
1028,7,1121,1107,1132,2001,1109,2021,2521,,,,,,,,,,,,,
1028,8,1124,2038,2020,1006,1032,1122,,,,,,,,,,,,,,
1028,9,8073,8017,8075,8059,8058,8076,8074,,,,,,,,,,,,,
1028,10,8073,8058,,,,,,,,,,,,,,,,,,
1028,Relations,,,,,,,,,,,,,,,,,,,,
1028,Villages visited,Bangui,Thanry,,,,,,,,,,,,,,,,,,